Workbook
Name RecCats: 'Player Values - Cats'!$A$2:$I$782
Name RosterS: #REF!
Name AllGProj: #REF!
Name DynCVorpF2: #REF!
Name CheatD: #REF!
Name ADPFHFH: #REF!
Name AllGProjNames: #REF!
Name ADPFantrax: #REF!
Name ProjAGB: #REF!
Name PtsVorpAll: #REF!
Name ProjCull: #REF!
Name CatsPtsUsed: #REF!
Name ProjCullNames: #REF!
Name CatsUsed: #REF!
Name SubtitlePts: #REF!
Name RanksAll: #REF!
Name CleanCatG: #REF!
Name RanksAllCat: #REF!
Name UsedSRCsABV: #REF!
Name PtsVorpG: #REF!
Name FanPtsAll: #REF!
Name ProjYFCats: #REF!
Name GNames: #REF!
Name UsedSRCsWTs: #REF!
Name CleanPtsG: #REF!
Name ProjLXCats: #REF!
Name DNames: #REF!
Name ProjAGN: #REF!
Name TitlePts: #REF!
Name AllProj: #REF!
Name AllProjCats: #REF!
Name CleanPtsD: #REF!
Name ProjDtZCats: #REF!
Name ProjSLCats: #REF!
Name SubtitleCats: #REF!
Name ValsAll: 'Player Values - Cats'!$E$2:$H$782
Name ProjSL: #REF!
Name ProjDFONames: #REF!
Name ProjCullCats: #REF!
Name Proji2Names: #REF!
Name ProjESPNCats: #REF!
Name ProjDtZ: #REF!
Name UsedSRCs: #REF!
Name SNames: #REF!
Name NamesMasterList: #REF!
Name fixnames: #REF!
Name ProjAGNNames: #REF!
Name ProjKUBNames: #REF!
Name RecPoints: #REF!
Name TeamPOS: #REF!
Name CleanCatHeaderG: #REF!
Name FNames: #REF!
Name AllProjStdev: #REF!
Name CleanPtsHeaderG: #REF!
Name CleanPtsHeaderF: #REF!
Name RanksAllNames: #REF!
Name ProjESPN: #REF!
Name ProjAGBNames: #REF!
Name VorpG: #REF!
Name RosterT: #REF!

Sheet Roster Comparison
A1: Top skaters: | B1: 10 | F1: Projections: | G1: 1
A2: Top goalies: | B2: 1 | F2: Stats (Season): | G2: 0
F3: Stats (Last 2 weeks): | G3: 0
R4: ="(top " & $B1 & ")" -> (top 10) | AB4: ="(top " & $B2 & ")" -> (top 1)
A5: Teams | B5: G | C5: A | D5: +/- | E5: PIM | F5: PPP | G5: SHP | H5: SOG | I5: FOW | J5: HIT | K5: BLK | L5: W | M5: GAA | N5: SV% | O5: SO | R5: =B5 -> G | S5: =C5 -> A | T5: =D5 -> +/- | U5: =E5 -> PIM | V5: =F5 -> PPP | W5: =G5 -> SHP | X5: =H5 -> SOG | Y5: =I5 -> FOW | ... AE5: =O5 -> SO
A6: Rob/Orad | B6: =AVERAGEIFS('Player Values - Cats'!O:O, 'Player Values - Cats'!$D:$D, $A6, 'Player Values - Cats'!O:O, "<>") -> 0.327952 | C6: =AVERAGEIFS('Player Values - Cats'!P:P, 'Player Values - Cats'!$D:$D, $A6, 'Player Values - Cats'!P:P, "<>") -> 0.45132497 | D6: =AVERAGEIFS('Player Values - Cats'!Q:Q, 'Player Values - Cats'!$D:$D, $A6, 'Player Values - Cats'!Q:Q, "<>") -> -0.21972986 | E6: =AVERAGEIFS('Player Values - Cats'!R:R, 'Player Values - Cats'!$D:$D, $A6, 'Player Values - Cats'!R:R, "<>") -> -0.66253943 | F6: =AVERAGEIFS('Player Values - Cats'!S:S, 'Player Values - Cats'!$D:$D, $A6, 'Player Values - Cats'!S:S, "<>") -> 0.49238204 | G6: =AVERAGEIFS('Player Values - Cats'!T:T, 'Player Values - Cats'!$D:$D, $A6, 'Player Values - Cats'!T:T, "<>") -> -0.28343632 | H6: =AVERAGEIFS('Player Values - Cats'!U:U, 'Player Values - Cats'!$D:$D, $A6, 'Player Values - Cats'!U:U, "<>") -> 0.42202079 | I6: =AVERAGEIFS('Player Values - Cats'!V:V, 'Player Values - Cats'!$D:$D, $A6, 'Player Values - Cats'!V:V, "<>") -> 0.44924446 | J6: =AVERAGEIFS('Player Values - Cats'!W:W, 'Player Values - Cats'!$D:$D, $A6, 'Player Values - Cats'!W:W, "<>") -> -1.0610389 | K6: =AVERAGEIFS('Player Values - Cats'!X:X, 'Player Values - Cats'!$D:$D, $A6, 'Player Values - Cats'!X:X, "<>") -> -0.67174887 | L6: =AVERAGEIFS('Player Values - Cats'!Y:Y, 'Player Values - Cats'!$D:$D, $A6, 'Player Values - Cats'!Y:Y, "<>") -> 0.14827394 | M6: =AVERAGEIFS('Player Values - Cats'!Z:Z, 'Player Values - Cats'!$D:$D, $A6, 'Player Values - Cats'!Z:Z, "<>") -> 0.48429728 | N6: =AVERAGEIFS('Player Values - Cats'!AA:AA, 'Player Values - Cats'!$D:$D, $A6, 'Player Values - Cats'!AA:AA, "<>") -> 0.76181425 | O6: =AVERAGEIFS('Player Values - Cats'!AB:AB, 'Player Values - Cats'!$D:$D, $A6, 'Player Values - Cats'!AB:AB, "<>") -> 0.28765514 | R6: =IFERROR(__xludf.DUMMYFUNCTION("AVERAGE(SORTN(FILTER('Player Values - Cats'!O4:O1004, 'Player Values - Cats'!$D4:$D1004 = $A6, ISNUMBER('Player Values - Cats'!O4:O1004)), $B$1, 0, 1, FALSE))"),1.8976392830899713) -> 1.8976393 | S6: =IFERROR(__xludf.DUMMYFUNCTION("AVERAGE(SORTN(FILTER('Player Values - Cats'!P4:P1004, 'Player Values - Cats'!$D4:$D1004 = $A6, ISNUMBER('Player Values - Cats'!P4:P1004)), $B$1, 0, 1, FALSE))"),1.3492117614141554) -> 1.3492118 | T6: =IFERROR(__xludf.DUMMYFUNCTION("AVERAGE(SORTN(FILTER('Player Values - Cats'!Q4:Q1004, 'Player Values - Cats'!$D4:$D1004 = $A6, ISNUMBER('Player Values - Cats'!Q4:Q1004)), $B$1, 0, 1, FALSE))"),1.3585673638811517) -> 1.3585674 | U6: =IFERROR(__xludf.DUMMYFUNCTION("AVERAGE(SORTN(FILTER('Player Values - Cats'!R4:R1004, 'Player Values - Cats'!$D4:$D1004 = $A6, ISNUMBER('Player Values - Cats'!R4:R1004)), $B$1, 0, 1, FALSE))"),0.09998580362168116) -> 0.099985804 | V6: =IFERROR(__xludf.DUMMYFUNCTION("AVERAGE(SORTN(FILTER('Player Values - Cats'!S4:S1004, 'Player Values - Cats'!$D4:$D1004 = $A6, ISNUMBER('Player Values - Cats'!S4:S1004)), $B$1, 0, 1, FALSE))"),1.585957783140048) -> 1.5859578 | W6: =IFERROR(__xludf.DUMMYFUNCTION("AVERAGE(SORTN(FILTER('Player Values - Cats'!T4:T1004, 'Player Values - Cats'!$D4:$D1004 = $A6, ISNUMBER('Player Values - Cats'!T4:T1004)), $B$1, 0, 1, FALSE))"),0.3061020155722415) -> 0.30610202 | X6: =IFERROR(__xludf.DUMMYFUNCTION("AVERAGE(SORTN(FILTER('Player Values - Cats'!U4:U1004, 'Player Values - Cats'!$D4:$D1004 = $A6, ISNUMBER('Player Values - Cats'!U4:U1004)), $B$1, 0, 1, FALSE))"),1.73308554964389) -> 1.7330855 | Y6: =IFERROR(__xludf.DUMMYFUNCTION("AVERAGE(SORTN(FILTER('Player Values - Cats'!V4:V1004, 'Player Values - Cats'!$D4:$D1004 = $A6, ISNUMBER('Player Values - Cats'!V4:V1004)), $B$1, 0, 1, FALSE))"),1.2578844900313255) -> 1.2578845 | Z6: =IFERROR(__xludf.DUMMYFUNCTION("AVERAGE(SORTN(FILTER('Player Values - Cats'!W4:W1004, 'Player Values - Cats'!$D4:$D1004 = $A6, ISNUMBER('Player Values - Cats'!W4:W1004)), $B$1, 0, 1, FALSE))"),0.12338765731894183) -> 0.12338766 | AA6: =IFERROR(__xludf.DUMMYFUNCTION("AVERAGE(SORTN(FILTER('Player Values - Cats'!X4:X1004, 'Player Values - Cats'!$D4:$D1004 = $A6, ISNUMBER('Player Values - Cats'!X4:X1004)), $B$1, 0, 1, FALSE))"),0.6989707987977977) -> 0.6989708 | AB6: =IFERROR(__xludf.DUMMYFUNCTION("AVERAGE(SORTN(FILTER('Player Values - Cats'!Y4:Y1004, 'Player Values - Cats'!$D4:$D1004 = $A6, ISNUMBER('Player Values - Cats'!Y4:Y1004)), $B$2, 0, 1, FALSE))"),1.0053222056340791) -> 1.0053222 | AC6: =IFERROR(__xludf.DUMMYFUNCTION("AVERAGE(SORTN(FILTER('Player Values - Cats'!Z4:Z1004, 'Player Values - Cats'!$D4:$D1004 = $A6, ISNUMBER('Player Values - Cats'!Z4:Z1004)), $B$2, 0, 1, FALSE))"),1.3687519183327665) -> 1.3687519 | AD6: =IFERROR(__xludf.DUMMYFUNCTION("AVERAGE(SORTN(FILTER('Player Values - Cats'!AA4:AA1004, 'Player Values - Cats'!$D4:$D1004 = $A6, ISNUMBER('Player Values - Cats'!AA4:AA1004)), $B$2, 0, 1, FALSE))"),1.5200976887423285) -> 1.5200977 | AE6: =IFERROR(__xludf.DUMMYFUNCTION("AVERAGE(SORTN(FILTER('Player Values - Cats'!AB4:AB1004, 'Player Values - Cats'!$D4:$D1004 = $A6, ISNUMBER('Player Values - Cats'!AB4:AB1004)), $B$2, 0, 1, FALSE))"),0.5595319820068041) -> 0.55953198
A7: Phil | B7: =AVERAGEIFS('Player Values - Cats'!O:O, 'Player Values - Cats'!$D:$D, $A7, 'Player Values - Cats'!O:O, "<>") -> 0.20498198 | C7: =AVERAGEIFS('Player Values - Cats'!P:P, 'Player Values - Cats'!$D:$D, $A7, 'Player Values - Cats'!P:P, "<>") -> 0.35212339 | D7: =AVERAGEIFS('Player Values - Cats'!Q:Q, 'Player Values - Cats'!$D:$D, $A7, 'Player Values - Cats'!Q:Q, "<>") -> -0.89578246 | E7: =AVERAGEIFS('Player Values - Cats'!R:R, 'Player Values - Cats'!$D:$D, $A7, 'Player Values - Cats'!R:R, "<>") -> -0.7951115 | F7: =AVERAGEIFS('Player Values - Cats'!S:S, 'Player Values - Cats'!$D:$D, $A7, 'Player Values - Cats'!S:S, "<>") -> 0.45402565 | G7: =AVERAGEIFS('Player Values - Cats'!T:T, 'Player Values - Cats'!$D:$D, $A7, 'Player Values - Cats'!T:T, "<>") -> -0.37504595 | H7: =AVERAGEIFS('Player Values - Cats'!U:U, 'Player Values - Cats'!$D:$D, $A7, 'Player Values - Cats'!U:U, "<>") -> 0.54175657 | I7: =AVERAGEIFS('Player Values - Cats'!V:V, 'Player Values - Cats'!$D:$D, $A7, 'Player Values - Cats'!V:V, "<>") -> 0.53525096 | J7: =AVERAGEIFS('Player Values - Cats'!W:W, 'Player Values - Cats'!$D:$D, $A7, 'Player Values - Cats'!W:W, "<>") -> -1.1198281 | K7: =AVERAGEIFS('Player Values - Cats'!X:X, 'Player Values - Cats'!$D:$D, $A7, 'Player Values - Cats'!X:X, "<>") -> -0.61222849 | L7: =AVERAGEIFS('Player Values - Cats'!Y:Y, 'Player Values - Cats'!$D:$D, $A7, 'Player Values - Cats'!Y:Y, "<>") -> -0.22893941 | M7: =AVERAGEIFS('Player Values - Cats'!Z:Z, 'Player Values - Cats'!$D:$D, $A7, 'Player Values - Cats'!Z:Z, "<>") -> 0.21131746 | N7: =AVERAGEIFS('Player Values - Cats'!AA:AA, 'Player Values - Cats'!$D:$D, $A7, 'Player Values - Cats'!AA:AA, "<>") -> -1.1338943 | O7: =AVERAGEIFS('Player Values - Cats'!AB:AB, 'Player Values - Cats'!$D:$D, $A7, 'Player Values - Cats'!AB:AB, "<>") -> 0.04532735 | R7: =IFERROR(__xludf.DUMMYFUNCTION("AVERAGE(SORTN(FILTER('Player Values - Cats'!O2:O1004, 'Player Values - Cats'!$D2:$D1004 = $A7, ISNUMBER('Player Values - Cats'!O2:O1004)), $B$1, 0, 1, FALSE))"),1.5283064857408868) -> 1.5283065 | S7: =IFERROR(__xludf.DUMMYFUNCTION("AVERAGE(SORTN(FILTER('Player Values - Cats'!P2:P1004, 'Player Values - Cats'!$D2:$D1004 = $A7, ISNUMBER('Player Values - Cats'!P2:P1004)), $B$1, 0, 1, FALSE))"),1.3508502889238034) -> 1.3508503 | T7: =IFERROR(__xludf.DUMMYFUNCTION("AVERAGE(SORTN(FILTER('Player Values - Cats'!Q2:Q1004, 'Player Values - Cats'!$D2:$D1004 = $A7, ISNUMBER('Player Values - Cats'!Q2:Q1004)), $B$1, 0, 1, FALSE))"),0.913027557192971) -> 0.91302756 | U7: =IFERROR(__xludf.DUMMYFUNCTION("AVERAGE(SORTN(FILTER('Player Values - Cats'!R2:R1004, 'Player Values - Cats'!$D2:$D1004 = $A7, ISNUMBER('Player Values - Cats'!R2:R1004)), $B$1, 0, 1, FALSE))"),0.10283221437667889) -> 0.10283221 | V7: =IFERROR(__xludf.DUMMYFUNCTION("AVERAGE(SORTN(FILTER('Player Values - Cats'!S2:S1004, 'Player Values - Cats'!$D2:$D1004 = $A7, ISNUMBER('Player Values - Cats'!S2:S1004)), $B$1, 0, 1, FALSE))"),1.5399335739963325) -> 1.5399336 | W7: =IFERROR(__xludf.DUMMYFUNCTION("AVERAGE(SORTN(FILTER('Player Values - Cats'!T2:T1004, 'Player Values - Cats'!$D2:$D1004 = $A7, ISNUMBER('Player Values - Cats'!T2:T1004)), $B$1, 0, 1, FALSE))"),0.2142399106252011) -> 0.21423991 | X7: =IFERROR(__xludf.DUMMYFUNCTION("AVERAGE(SORTN(FILTER('Player Values - Cats'!U2:U1004, 'Player Values - Cats'!$D2:$D1004 = $A7, ISNUMBER('Player Values - Cats'!U2:U1004)), $B$1, 0, 1, FALSE))"),1.769588854469309) -> 1.7695889 | Y7: =IFERROR(__xludf.DUMMYFUNCTION("AVERAGE(SORTN(FILTER('Player Values - Cats'!V2:V1004, 'Player Values - Cats'!$D2:$D1004 = $A7, ISNUMBER('Player Values - Cats'!V2:V1004)), $B$1, 0, 1, FALSE))"),1.3916524955446237) -> 1.3916525 | Z7: =IFERROR(__xludf.DUMMYFUNCTION("AVERAGE(SORTN(FILTER('Player Values - Cats'!W2:W1004, 'Player Values - Cats'!$D2:$D1004 = $A7, ISNUMBER('Player Values - Cats'!W2:W1004)), $B$1, 0, 1, FALSE))"),-0.3804648441124671) -> -0.38046484 | AA7: =IFERROR(__xludf.DUMMYFUNCTION("AVERAGE(SORTN(FILTER('Player Values - Cats'!X2:X1004, 'Player Values - Cats'!$D2:$D1004 = $A7, ISNUMBER('Player Values - Cats'!X2:X1004)), $B$1, 0, 1, FALSE))"),0.7376908232470947) -> 0.73769082 | AB7: =IFERROR(__xludf.DUMMYFUNCTION("AVERAGE(SORTN(FILTER('Player Values - Cats'!Y2:Y1004, 'Player Values - Cats'!$D2:$D1004 = $A7, ISNUMBER('Player Values - Cats'!Y2:Y1004)), $B$2, 0, 1, FALSE))"),1.2331986708569582) -> 1.2331987 | AC7: =IFERROR(__xludf.DUMMYFUNCTION("AVERAGE(SORTN(FILTER('Player Values - Cats'!Z2:Z1004, 'Player Values - Cats'!$D2:$D1004 = $A7, ISNUMBER('Player Values - Cats'!Z2:Z1004)), $B$2, 0, 1, FALSE))"),0.6553646397745425) -> 0.65536464 | AD7: =IFERROR(__xludf.DUMMYFUNCTION("AVERAGE(SORTN(FILTER('Player Values - Cats'!AA2:AA1004, 'Player Values - Cats'!$D2:$D1004 = $A7, ISNUMBER('Player Values - Cats'!AA2:AA1004)), $B$2, 0, 1, FALSE))"),-0.3825043957404056) -> -0.3825044 | AE7: =IFERROR(__xludf.DUMMYFUNCTION("AVERAGE(SORTN(FILTER('Player Values - Cats'!AB2:AB1004, 'Player Values - Cats'!$D2:$D1004 = $A7, ISNUMBER('Player Values - Cats'!AB2:AB1004)), $B$2, 0, 1, FALSE))"),0.130246657537567) -> 0.13024666
A8: Ilan | B8: =AVERAGEIFS('Player Values - Cats'!O:O, 'Player Values - Cats'!$D:$D, $A8, 'Player Values - Cats'!O:O, "<>") -> 0.20732227 | C8: =AVERAGEIFS('Player Values - Cats'!P:P, 'Player Values - Cats'!$D:$D, $A8, 'Player Values - Cats'!P:P, "<>") -> 0.42218843 | D8: =AVERAGEIFS('Player Values - Cats'!Q:Q, 'Player Values - Cats'!$D:$D, $A8, 'Player Values - Cats'!Q:Q, "<>") -> -0.46366952 | E8: =AVERAGEIFS('Player Values - Cats'!R:R, 'Player Values - Cats'!$D:$D, $A8, 'Player Values - Cats'!R:R, "<>") -> -0.34168553 | F8: =AVERAGEIFS('Player Values - Cats'!S:S, 'Player Values - Cats'!$D:$D, $A8, 'Player Values - Cats'!S:S, "<>") -> 0.27643363 | G8: =AVERAGEIFS('Player Values - Cats'!T:T, 'Player Values - Cats'!$D:$D, $A8, 'Player Values - Cats'!T:T, "<>") -> -0.26951872 | H8: =AVERAGEIFS('Player Values - Cats'!U:U, 'Player Values - Cats'!$D:$D, $A8, 'Player Values - Cats'!U:U, "<>") -> 0.44216653 | I8: =AVERAGEIFS('Player Values - Cats'!V:V, 'Player Values - Cats'!$D:$D, $A8, 'Player Values - Cats'!V:V, "<>") -> 0.42556485 | J8: =AVERAGEIFS('Player Values - Cats'!W:W, 'Player Values - Cats'!$D:$D, $A8, 'Player Values - Cats'!W:W, "<>") -> -1.0838902 | K8: =AVERAGEIFS('Player Values - Cats'!X:X, 'Player Values - Cats'!$D:$D, $A8, 'Player Values - Cats'!X:X, "<>") -> -0.7945941 | L8: =AVERAGEIFS('Player Values - Cats'!Y:Y, 'Player Values - Cats'!$D:$D, $A8, 'Player Values - Cats'!Y:Y, "<>") -> -0.057640899 | M8: =AVERAGEIFS('Player Values - Cats'!Z:Z, 'Player Values - Cats'!$D:$D, $A8, 'Player Values - Cats'!Z:Z, "<>") -> -1.4411204 | N8: =AVERAGEIFS('Player Values - Cats'!AA:AA, 'Player Values - Cats'!$D:$D, $A8, 'Player Values - Cats'!AA:AA, "<>") -> -0.66375862 | O8: =AVERAGEIFS('Player Values - Cats'!AB:AB, 'Player Values - Cats'!$D:$D, $A8, 'Player Values - Cats'!AB:AB, "<>") -> 0.20450064 | R8: =IFERROR(__xludf.DUMMYFUNCTION("AVERAGE(SORTN(FILTER('Player Values - Cats'!O9:O1004, 'Player Values - Cats'!$D9:$D1004 = $A8, ISNUMBER('Player Values - Cats'!O9:O1004)), $B$1, 0, 1, FALSE))"),1.3293865258551159) -> 1.3293865 | S8: =IFERROR(__xludf.DUMMYFUNCTION("AVERAGE(SORTN(FILTER('Player Values - Cats'!P9:P1004, 'Player Values - Cats'!$D9:$D1004 = $A8, ISNUMBER('Player Values - Cats'!P9:P1004)), $B$1, 0, 1, FALSE))"),1.3826742302562587) -> 1.3826742 | T8: =IFERROR(__xludf.DUMMYFUNCTION("AVERAGE(SORTN(FILTER('Player Values - Cats'!Q9:Q1004, 'Player Values - Cats'!$D9:$D1004 = $A8, ISNUMBER('Player Values - Cats'!Q9:Q1004)), $B$1, 0, 1, FALSE))"),0.6198454536311508) -> 0.61984545 | U8: =IFERROR(__xludf.DUMMYFUNCTION("AVERAGE(SORTN(FILTER('Player Values - Cats'!R9:R1004, 'Player Values - Cats'!$D9:$D1004 = $A8, ISNUMBER('Player Values - Cats'!R9:R1004)), $B$1, 0, 1, FALSE))"),0.741762515018441) -> 0.74176252 | V8: =IFERROR(__xludf.DUMMYFUNCTION("AVERAGE(SORTN(FILTER('Player Values - Cats'!S9:S1004, 'Player Values - Cats'!$D9:$D1004 = $A8, ISNUMBER('Player Values - Cats'!S9:S1004)), $B$1, 0, 1, FALSE))"),1.206226252905497) -> 1.2062263 | W8: =IFERROR(__xludf.DUMMYFUNCTION("AVERAGE(SORTN(FILTER('Player Values - Cats'!T9:T1004, 'Player Values - Cats'!$D9:$D1004 = $A8, ISNUMBER('Player Values - Cats'!T9:T1004)), $B$1, 0, 1, FALSE))"),0.2952061496015803) -> 0.29520615 | X8: =IFERROR(__xludf.DUMMYFUNCTION("AVERAGE(SORTN(FILTER('Player Values - Cats'!U9:U1004, 'Player Values - Cats'!$D9:$D1004 = $A8, ISNUMBER('Player Values - Cats'!U9:U1004)), $B$1, 0, 1, FALSE))"),1.2390467921752375) -> 1.2390468 | Y8: =IFERROR(__xludf.DUMMYFUNCTION("AVERAGE(SORTN(FILTER('Player Values - Cats'!V9:V1004, 'Player Values - Cats'!$D9:$D1004 = $A8, ISNUMBER('Player Values - Cats'!V9:V1004)), $B$1, 0, 1, FALSE))"),1.1490250867141936) -> 1.1490251 | Z8: =IFERROR(__xludf.DUMMYFUNCTION("AVERAGE(SORTN(FILTER('Player Values - Cats'!W9:W1004, 'Player Values - Cats'!$D9:$D1004 = $A8, ISNUMBER('Player Values - Cats'!W9:W1004)), $B$1, 0, 1, FALSE))"),-0.2623597062602026) -> -0.26235971 | AA8: =IFERROR(__xludf.DUMMYFUNCTION("AVERAGE(SORTN(FILTER('Player Values - Cats'!X9:X1004, 'Player Values - Cats'!$D9:$D1004 = $A8, ISNUMBER('Player Values - Cats'!X9:X1004)), $B$1, 0, 1, FALSE))"),0.6472660485088325) -> 0.64726605 | AB8: =IFERROR(__xludf.DUMMYFUNCTION("AVERAGE(SORTN(FILTER('Player Values - Cats'!Y9:Y1004, 'Player Values - Cats'!$D9:$D1004 = $A8, ISNUMBER('Player Values - Cats'!Y9:Y1004)), $B$2, 0, 1, FALSE))"),0.823392231031477) -> 0.82339223 | AC8: =IFERROR(__xludf.DUMMYFUNCTION("AVERAGE(SORTN(FILTER('Player Values - Cats'!Z9:Z1004, 'Player Values - Cats'!$D9:$D1004 = $A8, ISNUMBER('Player Values - Cats'!Z9:Z1004)), $B$2, 0, 1, FALSE))"),0.5534521714090794) -> 0.55345217 | AD8: =IFERROR(__xludf.DUMMYFUNCTION("AVERAGE(SORTN(FILTER('Player Values - Cats'!AA9:AA1004, 'Player Values - Cats'!$D9:$D1004 = $A8, ISNUMBER('Player Values - Cats'!AA9:AA1004)), $B$2, 0, 1, FALSE))"),0.9410448804215005) -> 0.94104488 | AE8: =IFERROR(__xludf.DUMMYFUNCTION("AVERAGE(SORTN(FILTER('Player Values - Cats'!AB9:AB1004, 'Player Values - Cats'!$D9:$D1004 = $A8, ISNUMBER('Player Values - Cats'!AB9:AB1004)), $B$2, 0, 1, FALSE))"),0.5332818990797707) -> 0.5332819
A9: Lev | B9: =AVERAGEIFS('Player Values - Cats'!O:O, 'Player Values - Cats'!$D:$D, $A9, 'Player Values - Cats'!O:O, "<>") -> 0.22145803 | C9: =AVERAGEIFS('Player Values - Cats'!P:P, 'Player Values - Cats'!$D:$D, $A9, 'Player Values - Cats'!P:P, "<>") -> 0.53909584 | D9: =AVERAGEIFS('Player Values - Cats'!Q:Q, 'Player Values - Cats'!$D:$D, $A9, 'Player Values - Cats'!Q:Q, "<>") -> -0.20617879 | E9: =AVERAGEIFS('Player Values - Cats'!R:R, 'Player Values - Cats'!$D:$D, $A9, 'Player Values - Cats'!R:R, "<>") -> -0.85465096 | F9: =AVERAGEIFS('Player Values - Cats'!S:S, 'Player Values - Cats'!$D:$D, $A9, 'Player Values - Cats'!S:S, "<>") -> 0.51447816 | G9: =AVERAGEIFS('Player Values - Cats'!T:T, 'Player Values - Cats'!$D:$D, $A9, 'Player Values - Cats'!T:T, "<>") -> -0.31131348 | H9: =AVERAGEIFS('Player Values - Cats'!U:U, 'Player Values - Cats'!$D:$D, $A9, 'Player Values - Cats'!U:U, "<>") -> 0.24940123 | I9: =AVERAGEIFS('Player Values - Cats'!V:V, 'Player Values - Cats'!$D:$D, $A9, 'Player Values - Cats'!V:V, "<>") -> 0.39160964 | J9: =AVERAGEIFS('Player Values - Cats'!W:W, 'Player Values - Cats'!$D:$D, $A9, 'Player Values - Cats'!W:W, "<>") -> -1.1576657 | K9: =AVERAGEIFS('Player Values - Cats'!X:X, 'Player Values - Cats'!$D:$D, $A9, 'Player Values - Cats'!X:X, "<>") -> -0.81234019 | L9: =AVERAGEIFS('Player Values - Cats'!Y:Y, 'Player Values - Cats'!$D:$D, $A9, 'Player Values - Cats'!Y:Y, "<>") -> -0.29804528 | M9: =AVERAGEIFS('Player Values - Cats'!Z:Z, 'Player Values - Cats'!$D:$D, $A9, 'Player Values - Cats'!Z:Z, "<>") -> -0.44674591 | N9: =AVERAGEIFS('Player Values - Cats'!AA:AA, 'Player Values - Cats'!$D:$D, $A9, 'Player Values - Cats'!AA:AA, "<>") -> 0.0069775527 | O9: =AVERAGEIFS('Player Values - Cats'!AB:AB, 'Player Values - Cats'!$D:$D, $A9, 'Player Values - Cats'!AB:AB, "<>") -> 0.13243987 | R9: =IFERROR(__xludf.DUMMYFUNCTION("AVERAGE(SORTN(FILTER('Player Values - Cats'!O10:O1004, 'Player Values - Cats'!$D10:$D1004 = $A9, ISNUMBER('Player Values - Cats'!O10:O1004)), $B$1, 0, 1, FALSE))"),1.0940676050410412) -> 1.0940676 | S9: =IFERROR(__xludf.DUMMYFUNCTION("AVERAGE(SORTN(FILTER('Player Values - Cats'!P10:P1004, 'Player Values - Cats'!$D10:$D1004 = $A9, ISNUMBER('Player Values - Cats'!P10:P1004)), $B$1, 0, 1, FALSE))"),1.1492969957342418) -> 1.149297 | T9: =IFERROR(__xludf.DUMMYFUNCTION("AVERAGE(SORTN(FILTER('Player Values - Cats'!Q10:Q1004, 'Player Values - Cats'!$D10:$D1004 = $A9, ISNUMBER('Player Values - Cats'!Q10:Q1004)), $B$1, 0, 1, FALSE))"),1.009112817714476) -> 1.0091128 | U9: =IFERROR(__xludf.DUMMYFUNCTION("AVERAGE(SORTN(FILTER('Player Values - Cats'!R10:R1004, 'Player Values - Cats'!$D10:$D1004 = $A9, ISNUMBER('Player Values - Cats'!R10:R1004)), $B$1, 0, 1, FALSE))"),-0.2027231649730597) -> -0.20272317 | V9: =IFERROR(__xludf.DUMMYFUNCTION("AVERAGE(SORTN(FILTER('Player Values - Cats'!S10:S1004, 'Player Values - Cats'!$D10:$D1004 = $A9, ISNUMBER('Player Values - Cats'!S10:S1004)), $B$1, 0, 1, FALSE))"),1.1749769139592012) -> 1.1749769 | W9: =IFERROR(__xludf.DUMMYFUNCTION("AVERAGE(SORTN(FILTER('Player Values - Cats'!T10:T1004, 'Player Values - Cats'!$D10:$D1004 = $A9, ISNUMBER('Player Values - Cats'!T10:T1004)), $B$1, 0, 1, FALSE))"),0.3428881262712196) -> 0.34288813 | X9: =IFERROR(__xludf.DUMMYFUNCTION("AVERAGE(SORTN(FILTER('Player Values - Cats'!U10:U1004, 'Player Values - Cats'!$D10:$D1004 = $A9, ISNUMBER('Player Values - Cats'!U10:U1004)), $B$1, 0, 1, FALSE))"),0.9036046514834648) -> 0.90360465 | Y9: =IFERROR(__xludf.DUMMYFUNCTION("AVERAGE(SORTN(FILTER('Player Values - Cats'!V10:V1004, 'Player Values - Cats'!$D10:$D1004 = $A9, ISNUMBER('Player Values - Cats'!V10:V1004)), $B$1, 0, 1, FALSE))"),0.7396404491192615) -> 0.73964045 | Z9: =IFERROR(__xludf.DUMMYFUNCTION("AVERAGE(SORTN(FILTER('Player Values - Cats'!W10:W1004, 'Player Values - Cats'!$D10:$D1004 = $A9, ISNUMBER('Player Values - Cats'!W10:W1004)), $B$1, 0, 1, FALSE))"),-0.23060246974440188) -> -0.23060247 | AA9: =IFERROR(__xludf.DUMMYFUNCTION("AVERAGE(SORTN(FILTER('Player Values - Cats'!X10:X1004, 'Player Values - Cats'!$D10:$D1004 = $A9, ISNUMBER('Player Values - Cats'!X10:X1004)), $B$1, 0, 1, FALSE))"),0.6043449887905302) -> 0.60434499 | AB9: =IFERROR(__xludf.DUMMYFUNCTION("AVERAGE(SORTN(FILTER('Player Values - Cats'!Y10:Y1004, 'Player Values - Cats'!$D10:$D1004 = $A9, ISNUMBER('Player Values - Cats'!Y10:Y1004)), $B$2, 0, 1, FALSE))"),2.263725149771413) -> 2.2637251 | AC9: =IFERROR(__xludf.DUMMYFUNCTION("AVERAGE(SORTN(FILTER('Player Values - Cats'!Z10:Z1004, 'Player Values - Cats'!$D10:$D1004 = $A9, ISNUMBER('Player Values - Cats'!Z10:Z1004)), $B$2, 0, 1, FALSE))"),1.892873184212281) -> 1.8928732 | AD9: =IFERROR(__xludf.DUMMYFUNCTION("AVERAGE(SORTN(FILTER('Player Values - Cats'!AA10:AA1004, 'Player Values - Cats'!$D10:$D1004 = $A9, ISNUMBER('Player Values - Cats'!AA10:AA1004)), $B$2, 0, 1, FALSE))"),1.464949802235589) -> 1.4649498 | AE9: =IFERROR(__xludf.DUMMYFUNCTION("AVERAGE(SORTN(FILTER('Player Values - Cats'!AB10:AB1004, 'Player Values - Cats'!$D10:$D1004 = $A9, ISNUMBER('Player Values - Cats'!AB10:AB1004)), $B$2, 0, 1, FALSE))"),0.5297594671832909) -> 0.52975947
A10: Henry | B10: =AVERAGEIFS('Player Values - Cats'!O:O, 'Player Values - Cats'!$D:$D, $A10, 'Player Values - Cats'!O:O, "<>") -> 0.06352854 | C10: =AVERAGEIFS('Player Values - Cats'!P:P, 'Player Values - Cats'!$D:$D, $A10, 'Player Values - Cats'!P:P, "<>") -> 0.075267703 | D10: =AVERAGEIFS('Player Values - Cats'!Q:Q, 'Player Values - Cats'!$D:$D, $A10, 'Player Values - Cats'!Q:Q, "<>") -> -0.5455852 | E10: =AVERAGEIFS('Player Values - Cats'!R:R, 'Player Values - Cats'!$D:$D, $A10, 'Player Values - Cats'!R:R, "<>") -> -0.51799118 | F10: =AVERAGEIFS('Player Values - Cats'!S:S, 'Player Values - Cats'!$D:$D, $A10, 'Player Values - Cats'!S:S, "<>") -> -0.022837537 | G10: =AVERAGEIFS('Player Values - Cats'!T:T, 'Player Values - Cats'!$D:$D, $A10, 'Player Values - Cats'!T:T, "<>") -> -0.32105145 | H10: =AVERAGEIFS('Player Values - Cats'!U:U, 'Player Values - Cats'!$D:$D, $A10, 'Player Values - Cats'!U:U, "<>") -> 0.35716249 | I10: =AVERAGEIFS('Player Values - Cats'!V:V, 'Player Values - Cats'!$D:$D, $A10, 'Player Values - Cats'!V:V, "<>") -> 0.3182132 | J10: =AVERAGEIFS('Player Values - Cats'!W:W, 'Player Values - Cats'!$D:$D, $A10, 'Player Values - Cats'!W:W, "<>") -> -0.72922343 | K10: =AVERAGEIFS('Player Values - Cats'!X:X, 'Player Values - Cats'!$D:$D, $A10, 'Player Values - Cats'!X:X, "<>") -> -0.74499471 | L10: =AVERAGEIFS('Player Values - Cats'!Y:Y, 'Player Values - Cats'!$D:$D, $A10, 'Player Values - Cats'!Y:Y, "<>") -> -0.33620499 | M10: =AVERAGEIFS('Player Values - Cats'!Z:Z, 'Player Values - Cats'!$D:$D, $A10, 'Player Values - Cats'!Z:Z, "<>") -> -0.20433983 | N10: =AVERAGEIFS('Player Values - Cats'!AA:AA, 'Player Values - Cats'!$D:$D, $A10, 'Player Values - Cats'!AA:AA, "<>") -> -1.0563426 | O10: =AVERAGEIFS('Player Values - Cats'!AB:AB, 'Player Values - Cats'!$D:$D, $A10, 'Player Values - Cats'!AB:AB, "<>") -> 0.13385592 | R10: =IFERROR(__xludf.DUMMYFUNCTION("AVERAGE(SORTN(FILTER('Player Values - Cats'!O11:O1004, 'Player Values - Cats'!$D11:$D1004 = $A10, ISNUMBER('Player Values - Cats'!O11:O1004)), $B$1, 0, 1, FALSE))"),1.2862300474356254) -> 1.28623 | S10: =IFERROR(__xludf.DUMMYFUNCTION("AVERAGE(SORTN(FILTER('Player Values - Cats'!P11:P1004, 'Player Values - Cats'!$D11:$D1004 = $A10, ISNUMBER('Player Values - Cats'!P11:P1004)), $B$1, 0, 1, FALSE))"),0.7964542762615459) -> 0.79645428 | T10: =IFERROR(__xludf.DUMMYFUNCTION("AVERAGE(SORTN(FILTER('Player Values - Cats'!Q11:Q1004, 'Player Values - Cats'!$D11:$D1004 = $A10, ISNUMBER('Player Values - Cats'!Q11:Q1004)), $B$1, 0, 1, FALSE))"),0.5396269345905705) -> 0.53962693 | U10: =IFERROR(__xludf.DUMMYFUNCTION("AVERAGE(SORTN(FILTER('Player Values - Cats'!R11:R1004, 'Player Values - Cats'!$D11:$D1004 = $A10, ISNUMBER('Player Values - Cats'!R11:R1004)), $B$1, 0, 1, FALSE))"),0.9377724169583175) -> 0.93777242 | V10: =IFERROR(__xludf.DUMMYFUNCTION("AVERAGE(SORTN(FILTER('Player Values - Cats'!S11:S1004, 'Player Values - Cats'!$D11:$D1004 = $A10, ISNUMBER('Player Values - Cats'!S11:S1004)), $B$1, 0, 1, FALSE))"),0.9147521294407579) -> 0.91475213 | W10: =IFERROR(__xludf.DUMMYFUNCTION("AVERAGE(SORTN(FILTER('Player Values - Cats'!T11:T1004, 'Player Values - Cats'!$D11:$D1004 = $A10, ISNUMBER('Player Values - Cats'!T11:T1004)), $B$1, 0, 1, FALSE))"),0.14109880366818844) -> 0.1410988 | X10: =IFERROR(__xludf.DUMMYFUNCTION("AVERAGE(SORTN(FILTER('Player Values - Cats'!U11:U1004, 'Player Values - Cats'!$D11:$D1004 = $A10, ISNUMBER('Player Values - Cats'!U11:U1004)), $B$1, 0, 1, FALSE))"),1.4581272086588117) -> 1.4581272 | Y10: =IFERROR(__xludf.DUMMYFUNCTION("AVERAGE(SORTN(FILTER('Player Values - Cats'!V11:V1004, 'Player Values - Cats'!$D11:$D1004 = $A10, ISNUMBER('Player Values - Cats'!V11:V1004)), $B$1, 0, 1, FALSE))"),0.832810834601814) -> 0.83281083 | Z10: =IFERROR(__xludf.DUMMYFUNCTION("AVERAGE(SORTN(FILTER('Player Values - Cats'!W11:W1004, 'Player Values - Cats'!$D11:$D1004 = $A10, ISNUMBER('Player Values - Cats'!W11:W1004)), $B$1, 0, 1, FALSE))"),0.9428382122235973) -> 0.94283821 | AA10: =IFERROR(__xludf.DUMMYFUNCTION("AVERAGE(SORTN(FILTER('Player Values - Cats'!X11:X1004, 'Player Values - Cats'!$D11:$D1004 = $A10, ISNUMBER('Player Values - Cats'!X11:X1004)), $B$1, 0, 1, FALSE))"),0.7582815842243424) -> 0.75828158 | AB10: =IFERROR(__xludf.DUMMYFUNCTION("AVERAGE(SORTN(FILTER('Player Values - Cats'!Y11:Y1004, 'Player Values - Cats'!$D11:$D1004 = $A10, ISNUMBER('Player Values - Cats'!Y11:Y1004)), $B$2, 0, 1, FALSE))"),1.8745719704079356) -> 1.874572 | AC10: =IFERROR(__xludf.DUMMYFUNCTION("AVERAGE(SORTN(FILTER('Player Values - Cats'!Z11:Z1004, 'Player Values - Cats'!$D11:$D1004 = $A10, ISNUMBER('Player Values - Cats'!Z11:Z1004)), $B$2, 0, 1, FALSE))"),1.8637553361078611) -> 1.8637553 | AD10: =IFERROR(__xludf.DUMMYFUNCTION("AVERAGE(SORTN(FILTER('Player Values - Cats'!AA11:AA1004, 'Player Values - Cats'!$D11:$D1004 = $A10, ISNUMBER('Player Values - Cats'!AA11:AA1004)), $B$2, 0, 1, FALSE))"),2.1818723268232665) -> 2.1818723 | AE10: =IFERROR(__xludf.DUMMYFUNCTION("AVERAGE(SORTN(FILTER('Player Values - Cats'!AB11:AB1004, 'Player Values - Cats'!$D11:$D1004 = $A10, ISNUMBER('Player Values - Cats'!AB11:AB1004)), $B$2, 0, 1, FALSE))"),0.535423679278133) -> 0.53542368
A11: Jeremy | B11: =AVERAGEIFS('Player Values - Cats'!O:O, 'Player Values - Cats'!$D:$D, $A11, 'Player Values - Cats'!O:O, "<>") -> 0.046310545 | C11: =AVERAGEIFS('Player Values - Cats'!P:P, 'Player Values - Cats'!$D:$D, $A11, 'Player Values - Cats'!P:P, "<>") -> 0.50314841 | D11: =AVERAGEIFS('Player Values - Cats'!Q:Q, 'Player Values - Cats'!$D:$D, $A11, 'Player Values - Cats'!Q:Q, "<>") -> -0.4599141 | E11: =AVERAGEIFS('Player Values - Cats'!R:R, 'Player Values - Cats'!$D:$D, $A11, 'Player Values - Cats'!R:R, "<>") -> -0.86888348 | F11: =AVERAGEIFS('Player Values - Cats'!S:S, 'Player Values - Cats'!$D:$D, $A11, 'Player Values - Cats'!S:S, "<>") -> 0.39518739 | G11: =AVERAGEIFS('Player Values - Cats'!T:T, 'Player Values - Cats'!$D:$D, $A11, 'Player Values - Cats'!T:T, "<>") -> -0.32435971 | H11: =AVERAGEIFS('Player Values - Cats'!U:U, 'Player Values - Cats'!$D:$D, $A11, 'Player Values - Cats'!U:U, "<>") -> 0.19225744 | I11: =AVERAGEIFS('Player Values - Cats'!V:V, 'Player Values - Cats'!$D:$D, $A11, 'Player Values - Cats'!V:V, "<>") -> 0.5448067 | J11: =AVERAGEIFS('Player Values - Cats'!W:W, 'Player Values - Cats'!$D:$D, $A11, 'Player Values - Cats'!W:W, "<>") -> -1.4845607 | K11: =AVERAGEIFS('Player Values - Cats'!X:X, 'Player Values - Cats'!$D:$D, $A11, 'Player Values - Cats'!X:X, "<>") -> -0.82718328 | L11: =AVERAGEIFS('Player Values - Cats'!Y:Y, 'Player Values - Cats'!$D:$D, $A11, 'Player Values - Cats'!Y:Y, "<>") -> -0.41760723 | M11: =AVERAGEIFS('Player Values - Cats'!Z:Z, 'Player Values - Cats'!$D:$D, $A11, 'Player Values - Cats'!Z:Z, "<>") -> 0.23849411 | N11: =AVERAGEIFS('Player Values - Cats'!AA:AA, 'Player Values - Cats'!$D:$D, $A11, 'Player Values - Cats'!AA:AA, "<>") -> -0.072297534 | O11: =AVERAGEIFS('Player Values - Cats'!AB:AB, 'Player Values - Cats'!$D:$D, $A11, 'Player Values - Cats'!AB:AB, "<>") -> 0.23525177 | R11: =IFERROR(__xludf.DUMMYFUNCTION("AVERAGE(SORTN(FILTER('Player Values - Cats'!O12:O1004, 'Player Values - Cats'!$D12:$D1004 = $A11, ISNUMBER('Player Values - Cats'!O12:O1004)), $B$1, 0, 1, FALSE))"),1.343598049679032) -> 1.343598 | S11: =IFERROR(__xludf.DUMMYFUNCTION("AVERAGE(SORTN(FILTER('Player Values - Cats'!P12:P1004, 'Player Values - Cats'!$D12:$D1004 = $A11, ISNUMBER('Player Values - Cats'!P12:P1004)), $B$1, 0, 1, FALSE))"),1.5997366717250514) -> 1.5997367 | T11: =IFERROR(__xludf.DUMMYFUNCTION("AVERAGE(SORTN(FILTER('Player Values - Cats'!Q12:Q1004, 'Player Values - Cats'!$D12:$D1004 = $A11, ISNUMBER('Player Values - Cats'!Q12:Q1004)), $B$1, 0, 1, FALSE))"),0.8252306782312138) -> 0.82523068 | U11: =IFERROR(__xludf.DUMMYFUNCTION("AVERAGE(SORTN(FILTER('Player Values - Cats'!R12:R1004, 'Player Values - Cats'!$D12:$D1004 = $A11, ISNUMBER('Player Values - Cats'!R12:R1004)), $B$1, 0, 1, FALSE))"),0.17984554313443404) -> 0.17984554 | V11: =IFERROR(__xludf.DUMMYFUNCTION("AVERAGE(SORTN(FILTER('Player Values - Cats'!S12:S1004, 'Player Values - Cats'!$D12:$D1004 = $A11, ISNUMBER('Player Values - Cats'!S12:S1004)), $B$1, 0, 1, FALSE))"),1.4044664210129532) -> 1.4044664 | W11: =IFERROR(__xludf.DUMMYFUNCTION("AVERAGE(SORTN(FILTER('Player Values - Cats'!T12:T1004, 'Player Values - Cats'!$D12:$D1004 = $A11, ISNUMBER('Player Values - Cats'!T12:T1004)), $B$1, 0, 1, FALSE))"),0.29250573252604983) -> 0.29250573 | X11: =IFERROR(__xludf.DUMMYFUNCTION("AVERAGE(SORTN(FILTER('Player Values - Cats'!U12:U1004, 'Player Values - Cats'!$D12:$D1004 = $A11, ISNUMBER('Player Values - Cats'!U12:U1004)), $B$1, 0, 1, FALSE))"),1.257007897558005) -> 1.2570079 | Y11: =IFERROR(__xludf.DUMMYFUNCTION("AVERAGE(SORTN(FILTER('Player Values - Cats'!V12:V1004, 'Player Values - Cats'!$D12:$D1004 = $A11, ISNUMBER('Player Values - Cats'!V12:V1004)), $B$1, 0, 1, FALSE))"),1.4709780982106624) -> 1.4709781 | Z11: =IFERROR(__xludf.DUMMYFUNCTION("AVERAGE(SORTN(FILTER('Player Values - Cats'!W12:W1004, 'Player Values - Cats'!$D12:$D1004 = $A11, ISNUMBER('Player Values - Cats'!W12:W1004)), $B$1, 0, 1, FALSE))"),-0.6342569401101408) -> -0.63425694 | AA11: =IFERROR(__xludf.DUMMYFUNCTION("AVERAGE(SORTN(FILTER('Player Values - Cats'!X12:X1004, 'Player Values - Cats'!$D12:$D1004 = $A11, ISNUMBER('Player Values - Cats'!X12:X1004)), $B$1, 0, 1, FALSE))"),0.5642729409566621) -> 0.56427294 | AB11: =IFERROR(__xludf.DUMMYFUNCTION("AVERAGE(SORTN(FILTER('Player Values - Cats'!Y12:Y1004, 'Player Values - Cats'!$D12:$D1004 = $A11, ISNUMBER('Player Values - Cats'!Y12:Y1004)), $B$2, 0, 1, FALSE))"),1.6023352367632702) -> 1.6023352 | AC11: =IFERROR(__xludf.DUMMYFUNCTION("AVERAGE(SORTN(FILTER('Player Values - Cats'!Z12:Z1004, 'Player Values - Cats'!$D12:$D1004 = $A11, ISNUMBER('Player Values - Cats'!Z12:Z1004)), $B$2, 0, 1, FALSE))"),2.32964090577854) -> 2.3296409 | AD11: =IFERROR(__xludf.DUMMYFUNCTION("AVERAGE(SORTN(FILTER('Player Values - Cats'!AA12:AA1004, 'Player Values - Cats'!$D12:$D1004 = $A11, ISNUMBER('Player Values - Cats'!AA12:AA1004)), $B$2, 0, 1, FALSE))"),2.512759645863766) -> 2.5127596 | AE11: =IFERROR(__xludf.DUMMYFUNCTION("AVERAGE(SORTN(FILTER('Player Values - Cats'!AB12:AB1004, 'Player Values - Cats'!$D12:$D1004 = $A11, ISNUMBER('Player Values - Cats'!AB12:AB1004)), $B$2, 0, 1, FALSE))"),0.8223602735388716) -> 0.82236027
A12: Ryan | B12: =AVERAGEIFS('Player Values - Cats'!O:O, 'Player Values - Cats'!$D:$D, $A12, 'Player Values - Cats'!O:O, "<>") -> 0.029709548 | C12: =AVERAGEIFS('Player Values - Cats'!P:P, 'Player Values - Cats'!$D:$D, $A12, 'Player Values - Cats'!P:P, "<>") -> 0.30685265 | D12: =AVERAGEIFS('Player Values - Cats'!Q:Q, 'Player Values - Cats'!$D:$D, $A12, 'Player Values - Cats'!Q:Q, "<>") -> 0.020740509 | E12: =AVERAGEIFS('Player Values - Cats'!R:R, 'Player Values - Cats'!$D:$D, $A12, 'Player Values - Cats'!R:R, "<>") -> -0.5350496 | F12: =AVERAGEIFS('Player Values - Cats'!S:S, 'Player Values - Cats'!$D:$D, $A12, 'Player Values - Cats'!S:S, "<>") -> 0.17198104 | G12: =AVERAGEIFS('Player Values - Cats'!T:T, 'Player Values - Cats'!$D:$D, $A12, 'Player Values - Cats'!T:T, "<>") -> -0.34978229 | H12: =AVERAGEIFS('Player Values - Cats'!U:U, 'Player Values - Cats'!$D:$D, $A12, 'Player Values - Cats'!U:U, "<>") -> 0.11664332 | I12: =AVERAGEIFS('Player Values - Cats'!V:V, 'Player Values - Cats'!$D:$D, $A12, 'Player Values - Cats'!V:V, "<>") -> 0.28713107 | J12: =AVERAGEIFS('Player Values - Cats'!W:W, 'Player Values - Cats'!$D:$D, $A12, 'Player Values - Cats'!W:W, "<>") -> -1.2680456 | K12: =AVERAGEIFS('Player Values - Cats'!X:X, 'Player Values - Cats'!$D:$D, $A12, 'Player Values - Cats'!X:X, "<>") -> -0.93813474 | L12: =AVERAGEIFS('Player Values - Cats'!Y:Y, 'Player Values - Cats'!$D:$D, $A12, 'Player Values - Cats'!Y:Y, "<>") -> 0.59803214 | M12: =AVERAGEIFS('Player Values - Cats'!Z:Z, 'Player Values - Cats'!$D:$D, $A12, 'Player Values - Cats'!Z:Z, "<>") -> -0.71026244 | N12: =AVERAGEIFS('Player Values - Cats'!AA:AA, 'Player Values - Cats'!$D:$D, $A12, 'Player Values - Cats'!AA:AA, "<>") -> -0.59206636 | O12: =AVERAGEIFS('Player Values - Cats'!AB:AB, 'Player Values - Cats'!$D:$D, $A12, 'Player Values - Cats'!AB:AB, "<>") -> 0.33388009 | R12: =IFERROR(__xludf.DUMMYFUNCTION("AVERAGE(SORTN(FILTER('Player Values - Cats'!O13:O1004, 'Player Values - Cats'!$D13:$D1004 = $A12, ISNUMBER('Player Values - Cats'!O13:O1004)), $B$1, 0, 1, FALSE))"),0.9011830409674934) -> 0.90118304 | S12: =IFERROR(__xludf.DUMMYFUNCTION("AVERAGE(SORTN(FILTER('Player Values - Cats'!P13:P1004, 'Player Values - Cats'!$D13:$D1004 = $A12, ISNUMBER('Player Values - Cats'!P13:P1004)), $B$1, 0, 1, FALSE))"),0.9905172125050982) -> 0.99051721 | T12: =IFERROR(__xludf.DUMMYFUNCTION("AVERAGE(SORTN(FILTER('Player Values - Cats'!Q13:Q1004, 'Player Values - Cats'!$D13:$D1004 = $A12, ISNUMBER('Player Values - Cats'!Q13:Q1004)), $B$1, 0, 1, FALSE))"),1.6209116663683574) -> 1.6209117 | U12: =IFERROR(__xludf.DUMMYFUNCTION("AVERAGE(SORTN(FILTER('Player Values - Cats'!R13:R1004, 'Player Values - Cats'!$D13:$D1004 = $A12, ISNUMBER('Player Values - Cats'!R13:R1004)), $B$1, 0, 1, FALSE))"),0.7510268632725864) -> 0.75102686 | V12: =IFERROR(__xludf.DUMMYFUNCTION("AVERAGE(SORTN(FILTER('Player Values - Cats'!S13:S1004, 'Player Values - Cats'!$D13:$D1004 = $A12, ISNUMBER('Player Values - Cats'!S13:S1004)), $B$1, 0, 1, FALSE))"),1.0461016303014405) -> 1.0461016 | W12: =IFERROR(__xludf.DUMMYFUNCTION("AVERAGE(SORTN(FILTER('Player Values - Cats'!T13:T1004, 'Player Values - Cats'!$D13:$D1004 = $A12, ISNUMBER('Player Values - Cats'!T13:T1004)), $B$1, 0, 1, FALSE))"),0.23663792498201403) -> 0.23663792 | X12: =IFERROR(__xludf.DUMMYFUNCTION("AVERAGE(SORTN(FILTER('Player Values - Cats'!U13:U1004, 'Player Values - Cats'!$D13:$D1004 = $A12, ISNUMBER('Player Values - Cats'!U13:U1004)), $B$1, 0, 1, FALSE))"),0.8123769198639351) -> 0.81237692 | Y12: =IFERROR(__xludf.DUMMYFUNCTION("AVERAGE(SORTN(FILTER('Player Values - Cats'!V13:V1004, 'Player Values - Cats'!$D13:$D1004 = $A12, ISNUMBER('Player Values - Cats'!V13:V1004)), $B$1, 0, 1, FALSE))"),0.6323612592696165) -> 0.63236126 | Z12: =IFERROR(__xludf.DUMMYFUNCTION("AVERAGE(SORTN(FILTER('Player Values - Cats'!W13:W1004, 'Player Values - Cats'!$D13:$D1004 = $A12, ISNUMBER('Player Values - Cats'!W13:W1004)), $B$1, 0, 1, FALSE))"),-0.3693986859762793) -> -0.36939869 | AA12: =IFERROR(__xludf.DUMMYFUNCTION("AVERAGE(SORTN(FILTER('Player Values - Cats'!X13:X1004, 'Player Values - Cats'!$D13:$D1004 = $A12, ISNUMBER('Player Values - Cats'!X13:X1004)), $B$1, 0, 1, FALSE))"),0.042855251981348985) -> 0.042855252 | AB12: =IFERROR(__xludf.DUMMYFUNCTION("AVERAGE(SORTN(FILTER('Player Values - Cats'!Y13:Y1004, 'Player Values - Cats'!$D13:$D1004 = $A12, ISNUMBER('Player Values - Cats'!Y13:Y1004)), $B$2, 0, 1, FALSE))"),1.6061551187922931) -> 1.6061551 | AC12: =IFERROR(__xludf.DUMMYFUNCTION("AVERAGE(SORTN(FILTER('Player Values - Cats'!Z13:Z1004, 'Player Values - Cats'!$D13:$D1004 = $A12, ISNUMBER('Player Values - Cats'!Z13:Z1004)), $B$2, 0, 1, FALSE))"),0.6553646397745425) -> 0.65536464 | AD12: =IFERROR(__xludf.DUMMYFUNCTION("AVERAGE(SORTN(FILTER('Player Values - Cats'!AA13:AA1004, 'Player Values - Cats'!$D13:$D1004 = $A12, ISNUMBER('Player Values - Cats'!AA13:AA1004)), $B$2, 0, 1, FALSE))"),1.1340624831950894) -> 1.1340625 | AE12: =IFERROR(__xludf.DUMMYFUNCTION("AVERAGE(SORTN(FILTER('Player Values - Cats'!AB13:AB1004, 'Player Values - Cats'!$D13:$D1004 = $A12, ISNUMBER('Player Values - Cats'!AB13:AB1004)), $B$2, 0, 1, FALSE))"),0.9031903501985471) -> 0.90319035
A13: Harley | B13: =AVERAGEIFS('Player Values - Cats'!O:O, 'Player Values - Cats'!$D:$D, $A13, 'Player Values - Cats'!O:O, "<>") -> 0.19737841 | C13: =AVERAGEIFS('Player Values - Cats'!P:P, 'Player Values - Cats'!$D:$D, $A13, 'Player Values - Cats'!P:P, "<>") -> 0.24171902 | D13: =AVERAGEIFS('Player Values - Cats'!Q:Q, 'Player Values - Cats'!$D:$D, $A13, 'Player Values - Cats'!Q:Q, "<>") -> -0.29146665 | E13: =AVERAGEIFS('Player Values - Cats'!R:R, 'Player Values - Cats'!$D:$D, $A13, 'Player Values - Cats'!R:R, "<>") -> -0.56749528 | F13: =AVERAGEIFS('Player Values - Cats'!S:S, 'Player Values - Cats'!$D:$D, $A13, 'Player Values - Cats'!S:S, "<>") -> 0.25987629 | G13: =AVERAGEIFS('Player Values - Cats'!T:T, 'Player Values - Cats'!$D:$D, $A13, 'Player Values - Cats'!T:T, "<>") -> -0.34604538 | H13: =AVERAGEIFS('Player Values - Cats'!U:U, 'Player Values - Cats'!$D:$D, $A13, 'Player Values - Cats'!U:U, "<>") -> 0.14844738 | I13: =AVERAGEIFS('Player Values - Cats'!V:V, 'Player Values - Cats'!$D:$D, $A13, 'Player Values - Cats'!V:V, "<>") -> 0.27044387 | J13: =AVERAGEIFS('Player Values - Cats'!W:W, 'Player Values - Cats'!$D:$D, $A13, 'Player Values - Cats'!W:W, "<>") -> -0.7576493 | K13: =AVERAGEIFS('Player Values - Cats'!X:X, 'Player Values - Cats'!$D:$D, $A13, 'Player Values - Cats'!X:X, "<>") -> -1.0984194 | L13: =AVERAGEIFS('Player Values - Cats'!Y:Y, 'Player Values - Cats'!$D:$D, $A13, 'Player Values - Cats'!Y:Y, "<>") -> -0.30229463 | M13: =AVERAGEIFS('Player Values - Cats'!Z:Z, 'Player Values - Cats'!$D:$D, $A13, 'Player Values - Cats'!Z:Z, "<>") -> -1.4352969 | N13: =AVERAGEIFS('Player Values - Cats'!AA:AA, 'Player Values - Cats'!$D:$D, $A13, 'Player Values - Cats'!AA:AA, "<>") -> -2.1913551 | O13: =AVERAGEIFS('Player Values - Cats'!AB:AB, 'Player Values - Cats'!$D:$D, $A13, 'Player Values - Cats'!AB:AB, "<>") -> 0.38850153 | R13: =IFERROR(__xludf.DUMMYFUNCTION("AVERAGE(SORTN(FILTER('Player Values - Cats'!O14:O1004, 'Player Values - Cats'!$D14:$D1004 = $A13, ISNUMBER('Player Values - Cats'!O14:O1004)), $B$1, 0, 1, FALSE))"),1.352905838598224) -> 1.3529058 | S13: =IFERROR(__xludf.DUMMYFUNCTION("AVERAGE(SORTN(FILTER('Player Values - Cats'!P14:P1004, 'Player Values - Cats'!$D14:$D1004 = $A13, ISNUMBER('Player Values - Cats'!P14:P1004)), $B$1, 0, 1, FALSE))"),1.3148654371305377) -> 1.3148654 | T13: =IFERROR(__xludf.DUMMYFUNCTION("AVERAGE(SORTN(FILTER('Player Values - Cats'!Q14:Q1004, 'Player Values - Cats'!$D14:$D1004 = $A13, ISNUMBER('Player Values - Cats'!Q14:Q1004)), $B$1, 0, 1, FALSE))"),0.873076844897129) -> 0.87307684 | U13: =IFERROR(__xludf.DUMMYFUNCTION("AVERAGE(SORTN(FILTER('Player Values - Cats'!R14:R1004, 'Player Values - Cats'!$D14:$D1004 = $A13, ISNUMBER('Player Values - Cats'!R14:R1004)), $B$1, 0, 1, FALSE))"),0.17092472318487967) -> 0.17092472 | V13: =IFERROR(__xludf.DUMMYFUNCTION("AVERAGE(SORTN(FILTER('Player Values - Cats'!S14:S1004, 'Player Values - Cats'!$D14:$D1004 = $A13, ISNUMBER('Player Values - Cats'!S14:S1004)), $B$1, 0, 1, FALSE))"),1.2019665219198628) -> 1.2019665 | W13: =IFERROR(__xludf.DUMMYFUNCTION("AVERAGE(SORTN(FILTER('Player Values - Cats'!T14:T1004, 'Player Values - Cats'!$D14:$D1004 = $A13, ISNUMBER('Player Values - Cats'!T14:T1004)), $B$1, 0, 1, FALSE))"),0.33753158455860294) -> 0.33753158 | X13: =IFERROR(__xludf.DUMMYFUNCTION("AVERAGE(SORTN(FILTER('Player Values - Cats'!U14:U1004, 'Player Values - Cats'!$D14:$D1004 = $A13, ISNUMBER('Player Values - Cats'!U14:U1004)), $B$1, 0, 1, FALSE))"),1.1961200108073755) -> 1.19612 | Y13: =IFERROR(__xludf.DUMMYFUNCTION("AVERAGE(SORTN(FILTER('Player Values - Cats'!V14:V1004, 'Player Values - Cats'!$D14:$D1004 = $A13, ISNUMBER('Player Values - Cats'!V14:V1004)), $B$1, 0, 1, FALSE))"),0.703154050316792) -> 0.70315405 | Z13: =IFERROR(__xludf.DUMMYFUNCTION("AVERAGE(SORTN(FILTER('Player Values - Cats'!W14:W1004, 'Player Values - Cats'!$D14:$D1004 = $A13, ISNUMBER('Player Values - Cats'!W14:W1004)), $B$1, 0, 1, FALSE))"),0.7710654148216409) -> 0.77106541 | AA13: =IFERROR(__xludf.DUMMYFUNCTION("AVERAGE(SORTN(FILTER('Player Values - Cats'!X14:X1004, 'Player Values - Cats'!$D14:$D1004 = $A13, ISNUMBER('Player Values - Cats'!X14:X1004)), $B$1, 0, 1, FALSE))"),-0.11642922767200241) -> -0.11642923 | AB13: =IFERROR(__xludf.DUMMYFUNCTION("AVERAGE(SORTN(FILTER('Player Values - Cats'!Y14:Y1004, 'Player Values - Cats'!$D14:$D1004 = $A13, ISNUMBER('Player Values - Cats'!Y14:Y1004)), $B$2, 0, 1, FALSE))"),0.8474553296888792) -> 0.84745533 | AC13: =IFERROR(__xludf.DUMMYFUNCTION("AVERAGE(SORTN(FILTER('Player Values - Cats'!Z14:Z1004, 'Player Values - Cats'!$D14:$D1004 = $A13, ISNUMBER('Player Values - Cats'!Z14:Z1004)), $B$2, 0, 1, FALSE))"),-0.20361187930576785) -> -0.20361188 | AD13: =IFERROR(__xludf.DUMMYFUNCTION("AVERAGE(SORTN(FILTER('Player Values - Cats'!AA14:AA1004, 'Player Values - Cats'!$D14:$D1004 = $A13, ISNUMBER('Player Values - Cats'!AA14:AA1004)), $B$2, 0, 1, FALSE))"),0.9134709371681305) -> 0.91347094 | AE13: =IFERROR(__xludf.DUMMYFUNCTION("AVERAGE(SORTN(FILTER('Player Values - Cats'!AB14:AB1004, 'Player Values - Cats'!$D14:$D1004 = $A13, ISNUMBER('Player Values - Cats'!AB14:AB1004)), $B$2, 0, 1, FALSE))"),1.3806745794623307) -> 1.3806746
A15: Teams | B15: G | C15: A | D15: +/- | E15: PIM | F15: PPP | G15: SHP | H15: SOG | I15: FOW | J15: HIT | K15: BLK | L15: W | M15: GAA | N15: SV% | O15: SO | P15: Avg | R15: =B15 -> G | S15: =C15 -> A | T15: =D15 -> +/- | U15: =E15 -> PIM | V15: =F15 -> PPP | W15: =G15 -> SHP | X15: =H15 -> SOG | Y15: =I15 -> FOW | ... AE15: =O15 -> SO | AF15: Avg
A16: Rob/Orad | B16: =rank(B6,B$6:B$13,False) -> 1 | C16: =rank(C6,C$6:C$13,False) -> 3 | D16: =rank(D6,D$6:D$13,False) -> 3 | E16: =rank(E6,E$6:E$13,False) -> 5 | F16: =rank(F6,F$6:F$13,False) -> 2 | G16: =rank(G6,G$6:G$13,False) -> 2 | H16: =rank(H6,H$6:H$13,False) -> 3 | I16: =rank(I6,I$6:I$13,False) -> 3 | ... O16: =rank(O6,O$6:O$13,False) -> 3 | P16: =AVERAGE(B16:O16) -> 2.4285714 | R16: =rank(R6,R$6:R$13,False) -> 1 | S16: =rank(S6,S$6:S$13,False) -> 4 | T16: =rank(T6,T$6:T$13,False) -> 2 | U16: =rank(U6,U$6:U$13,False) -> 7 | V16: =rank(V6,V$6:V$13,False) -> 1 | W16: =rank(W6,W$6:W$13,False) -> 3 | X16: =rank(X6,X$6:X$13,False) -> 2 | Y16: =rank(Y6,Y$6:Y$13,False) -> 3 | ... AE16: =rank(AE6,AE$6:AE$13,False) -> 4 | AF16: =AVERAGE(R16:AE16) -> 3.2857143
A17: Phil | B17: =rank(B7,B$6:B$13,False) -> 4 | C17: =rank(C7,C$6:C$13,False) -> 5 | D17: =rank(D7,D$6:D$13,False) -> 8 | E17: =rank(E7,E$6:E$13,False) -> 6 | F17: =rank(F7,F$6:F$13,False) -> 3 | G17: =rank(G7,G$6:G$13,False) -> 8 | H17: =rank(H7,H$6:H$13,False) -> 1 | I17: =rank(I7,I$6:I$13,False) -> 2 | ... O17: =rank(O7,O$6:O$13,False) -> 8 | P17: =AVERAGE(B17:O17) -> 4.6428571 | R17: =rank(R7,R$6:R$13,False) -> 2 | S17: =rank(S7,S$6:S$13,False) -> 3 | T17: =rank(T7,T$6:T$13,False) -> 4 | U17: =rank(U7,U$6:U$13,False) -> 6 | V17: =rank(V7,V$6:V$13,False) -> 2 | W17: =rank(W7,W$6:W$13,False) -> 7 | X17: =rank(X7,X$6:X$13,False) -> 1 | Y17: =rank(Y7,Y$6:Y$13,False) -> 2 | ... AE17: =rank(AE7,AE$6:AE$13,False) -> 8 | AF17: =AVERAGE(R17:AE17) -> 4.4285714
A18: Ilan | B18: =rank(B8,B$6:B$13,False) -> 3 | C18: =rank(C8,C$6:C$13,False) -> 4 | D18: =rank(D8,D$6:D$13,False) -> 6 | E18: =rank(E8,E$6:E$13,False) -> 1 | F18: =rank(F8,F$6:F$13,False) -> 5 | G18: =rank(G8,G$6:G$13,False) -> 1 | H18: =rank(H8,H$6:H$13,False) -> 2 | I18: =rank(I8,I$6:I$13,False) -> 4 | ... O18: =rank(O8,O$6:O$13,False) -> 5 | P18: =AVERAGE(B18:O18) -> 3.9285714 | R18: =rank(R8,R$6:R$13,False) -> 5 | S18: =rank(S8,S$6:S$13,False) -> 2 | T18: =rank(T8,T$6:T$13,False) -> 7 | U18: =rank(U8,U$6:U$13,False) -> 3 | V18: =rank(V8,V$6:V$13,False) -> 4 | W18: =rank(W8,W$6:W$13,False) -> 4 | X18: =rank(X8,X$6:X$13,False) -> 5 | Y18: =rank(Y8,Y$6:Y$13,False) -> 4 | ... AE18: =rank(AE8,AE$6:AE$13,False) -> 6 | AF18: =AVERAGE(R18:AE18) -> 5
A19: Lev | B19: =rank(B9,B$6:B$13,False) -> 2 | C19: =rank(C9,C$6:C$13,False) -> 1 | D19: =rank(D9,D$6:D$13,False) -> 2 | E19: =rank(E9,E$6:E$13,False) -> 7 | F19: =rank(F9,F$6:F$13,False) -> 1 | G19: =rank(G9,G$6:G$13,False) -> 3 | H19: =rank(H9,H$6:H$13,False) -> 5 | I19: =rank(I9,I$6:I$13,False) -> 5 | ... O19: =rank(O9,O$6:O$13,False) -> 7 | P19: =AVERAGE(B19:O19) -> 4 | R19: =rank(R9,R$6:R$13,False) -> 7 | S19: =rank(S9,S$6:S$13,False) -> 6 | T19: =rank(T9,T$6:T$13,False) -> 3 | U19: =rank(U9,U$6:U$13,False) -> 8 | V19: =rank(V9,V$6:V$13,False) -> 6 | W19: =rank(W9,W$6:W$13,False) -> 1 | X19: =rank(X9,X$6:X$13,False) -> 7 | Y19: =rank(Y9,Y$6:Y$13,False) -> 6 | ... AE19: =rank(AE9,AE$6:AE$13,False) -> 7 | AF19: =AVERAGE(R19:AE19) -> 4.7857143
A20: Henry | B20: =rank(B10,B$6:B$13,False) -> 6 | C20: =rank(C10,C$6:C$13,False) -> 8 | D20: =rank(D10,D$6:D$13,False) -> 7 | E20: =rank(E10,E$6:E$13,False) -> 2 | F20: =rank(F10,F$6:F$13,False) -> 8 | G20: =rank(G10,G$6:G$13,False) -> 4 | H20: =rank(H10,H$6:H$13,False) -> 4 | I20: =rank(I10,I$6:I$13,False) -> 6 | ... O20: =rank(O10,O$6:O$13,False) -> 6 | P20: =AVERAGE(B20:O20) -> 5.1428571 | R20: =rank(R10,R$6:R$13,False) -> 6 | S20: =rank(S10,S$6:S$13,False) -> 8 | T20: =rank(T10,T$6:T$13,False) -> 8 | U20: =rank(U10,U$6:U$13,False) -> 1 | V20: =rank(V10,V$6:V$13,False) -> 8 | W20: =rank(W10,W$6:W$13,False) -> 8 | X20: =rank(X10,X$6:X$13,False) -> 3 | Y20: =rank(Y10,Y$6:Y$13,False) -> 5 | ... AE20: =rank(AE10,AE$6:AE$13,False) -> 5 | AF20: =AVERAGE(R20:AE20) -> 4.3571429
A21: Jeremy | B21: =rank(B11,B$6:B$13,False) -> 7 | C21: =rank(C11,C$6:C$13,False) -> 2 | D21: =rank(D11,D$6:D$13,False) -> 5 | E21: =rank(E11,E$6:E$13,False) -> 8 | F21: =rank(F11,F$6:F$13,False) -> 4 | G21: =rank(G11,G$6:G$13,False) -> 5 | H21: =rank(H11,H$6:H$13,False) -> 6 | I21: =rank(I11,I$6:I$13,False) -> 1 | ... O21: =rank(O11,O$6:O$13,False) -> 4 | P21: =AVERAGE(B21:O21) -> 4.9285714 | R21: =rank(R11,R$6:R$13,False) -> 4 | S21: =rank(S11,S$6:S$13,False) -> 1 | T21: =rank(T11,T$6:T$13,False) -> 6 | U21: =rank(U11,U$6:U$13,False) -> 4 | V21: =rank(V11,V$6:V$13,False) -> 3 | W21: =rank(W11,W$6:W$13,False) -> 5 | X21: =rank(X11,X$6:X$13,False) -> 4 | Y21: =rank(Y11,Y$6:Y$13,False) -> 1 | ... AE21: =rank(AE11,AE$6:AE$13,False) -> 3 | AF21: =AVERAGE(R21:AE21) -> 3.6428571
A22: Ryan | B22: =rank(B12,B$6:B$13,False) -> 8 | C22: =rank(C12,C$6:C$13,False) -> 6 | D22: =rank(D12,D$6:D$13,False) -> 1 | E22: =rank(E12,E$6:E$13,False) -> 3 | F22: =rank(F12,F$6:F$13,False) -> 7 | G22: =rank(G12,G$6:G$13,False) -> 7 | H22: =rank(H12,H$6:H$13,False) -> 8 | I22: =rank(I12,I$6:I$13,False) -> 7 | ... O22: =rank(O12,O$6:O$13,False) -> 2 | P22: =AVERAGE(B22:O22) -> 5.2857143 | R22: =rank(R12,R$6:R$13,False) -> 8 | S22: =rank(S12,S$6:S$13,False) -> 7 | T22: =rank(T12,T$6:T$13,False) -> 1 | U22: =rank(U12,U$6:U$13,False) -> 2 | V22: =rank(V12,V$6:V$13,False) -> 7 | W22: =rank(W12,W$6:W$13,False) -> 6 | X22: =rank(X12,X$6:X$13,False) -> 8 | Y22: =rank(Y12,Y$6:Y$13,False) -> 8 | ... AE22: =rank(AE12,AE$6:AE$13,False) -> 2 | AF22: =AVERAGE(R22:AE22) -> 5.3571429
A23: Harley | B23: =rank(B13,B$6:B$13,False) -> 5 | C23: =rank(C13,C$6:C$13,False) -> 7 | D23: =rank(D13,D$6:D$13,False) -> 4 | E23: =rank(E13,E$6:E$13,False) -> 4 | F23: =rank(F13,F$6:F$13,False) -> 6 | G23: =rank(G13,G$6:G$13,False) -> 6 | H23: =rank(H13,H$6:H$13,False) -> 7 | I23: =rank(I13,I$6:I$13,False) -> 8 | ... O23: =rank(O13,O$6:O$13,False) -> 1 | P23: =AVERAGE(B23:O23) -> 5.6428571 | R23: =rank(R13,R$6:R$13,False) -> 3 | S23: =rank(S13,S$6:S$13,False) -> 5 | T23: =rank(T13,T$6:T$13,False) -> 5 | U23: =rank(U13,U$6:U$13,False) -> 5 | V23: =rank(V13,V$6:V$13,False) -> 5 | W23: =rank(W13,W$6:W$13,False) -> 2 | X23: =rank(X13,X$6:X$13,False) -> 6 | Y23: =rank(Y13,Y$6:Y$13,False) -> 7 | ... AE23: =rank(AE13,AE$6:AE$13,False) -> 1 | AF23: =AVERAGE(R23:AE23) -> 5.0714286
A25: Head-to-head
A26: Teams | B26: G | C26: A | D26: +/- | E26: PIM | F26: PPP | G26: SHP | H26: SOG | I26: FOW | J26: HIT | K26: BLK | L26: W | M26: GAA | N26: SV% | O26: SO | P26: Need
A27: Phil | B27: =B$6-B7 -> 0.12297002 | C27: =C$6-C7 -> 0.099201574 | D27: =D$6-D7 -> 0.6760526 | E27: =E$6-E7 -> 0.13257206 | F27: =F$6-F7 -> 0.038356394 | G27: =G$6-G7 -> 0.091609629 | H27: =H$6-H7 -> -0.11973578 | I27: =I$6-I7 -> -0.086006499 | ... O27: =O$6-O7 -> 0.24232779 | P27: =IFERROR(__xludf.DUMMYFUNCTION("IFERROR(TEXTJOIN("", "", TRUE, QUERY(TRANSPOSE({$B$26:$O$26; B27:O27}), ""SELECT Col1 WHERE Col2 <= 0.05 AND Col2 IS NOT NULL ORDER BY Col2 DESC"", 0)), """")"),"PPP, BLK, FOW, SOG") -> PPP, BLK, FOW, SOG
A28: Ilan | B28: =B$6-B8 -> 0.12062973 | C28: =C$6-C8 -> 0.029136536 | D28: =D$6-D8 -> 0.24393966 | E28: =E$6-E8 -> -0.3208539 | F28: =F$6-F8 -> 0.21594841 | G28: =G$6-G8 -> -0.013917601 | H28: =H$6-H8 -> -0.020145739 | I28: =I$6-I8 -> 0.023679614 | ... O28: =O$6-O8 -> 0.083154508 | P28: =IFERROR(__xludf.DUMMYFUNCTION("IFERROR(TEXTJOIN("", "", TRUE, QUERY(TRANSPOSE({$B$26:$O$26; B28:O28}), ""SELECT Col1 WHERE Col2 <= 0.05 AND Col2 IS NOT NULL ORDER BY Col2 DESC"", 0)), """")"),"A, FOW, HIT, SHP, SOG, PIM") -> A, FOW, HIT, SHP, SOG, PIM
A29: Lev | B29: =B$6-B9 -> 0.10649396 | C29: =C$6-C9 -> -0.087770876 | D29: =D$6-D9 -> -0.013551071 | E29: =E$6-E9 -> 0.19211152 | F29: =F$6-F9 -> -0.022096117 | G29: =G$6-G9 -> 0.027877158 | H29: =H$6-H9 -> 0.17261956 | I29: =I$6-I9 -> 0.057634817 | ... O29: =O$6-O9 -> 0.15521528 | P29: =IFERROR(__xludf.DUMMYFUNCTION("IFERROR(TEXTJOIN("", "", TRUE, QUERY(TRANSPOSE({$B$26:$O$26; B29:O29}), ""SELECT Col1 WHERE Col2 <= 0.05 AND Col2 IS NOT NULL ORDER BY Col2 DESC"", 0)), """")"),"SHP, +/-, PPP, A") -> SHP, +/-, PPP, A
A30: Henry | B30: =B$6-B10 -> 0.26442346 | C30: =C$6-C10 -> 0.37605726 | D30: =D$6-D10 -> 0.32585534 | E30: =E$6-E10 -> -0.14454825 | F30: =F$6-F10 -> 0.51521958 | G30: =G$6-G10 -> 0.037615125 | H30: =H$6-H10 -> 0.064858301 | I30: =I$6-I10 -> 0.13103126 | ... O30: =O$6-O10 -> 0.15379922 | P30: =IFERROR(__xludf.DUMMYFUNCTION("IFERROR(TEXTJOIN("", "", TRUE, QUERY(TRANSPOSE({$B$26:$O$26; B30:O30}), ""SELECT Col1 WHERE Col2 <= 0.05 AND Col2 IS NOT NULL ORDER BY Col2 DESC"", 0)), """")"),"SHP, PIM, HIT") -> SHP, PIM, HIT
A31: Jeremy | B31: =B$6-B11 -> 0.28164145 | C31: =C$6-C11 -> -0.051823448 | D31: =D$6-D11 -> 0.24018423 | E31: =E$6-E11 -> 0.20634404 | F31: =F$6-F11 -> 0.09719465 | G31: =G$6-G11 -> 0.040923386 | H31: =H$6-H11 -> 0.22976335 | I31: =I$6-I11 -> -0.095562242 | ... O31: =O$6-O11 -> 0.05240337 | P31: =IFERROR(__xludf.DUMMYFUNCTION("IFERROR(TEXTJOIN("", "", TRUE, QUERY(TRANSPOSE({$B$26:$O$26; B31:O31}), ""SELECT Col1 WHERE Col2 <= 0.05 AND Col2 IS NOT NULL ORDER BY Col2 DESC"", 0)), """")"),"SHP, A, FOW") -> SHP, A, FOW
A32: Ryan | B32: =B$6-B12 -> 0.29824245 | C32: =C$6-C12 -> 0.14447231 | D32: =D$6-D12 -> -0.24047037 | E32: =E$6-E12 -> -0.12748984 | F32: =F$6-F12 -> 0.32040101 | G32: =G$6-G12 -> 0.066345962 | H32: =H$6-H12 -> 0.30537747 | I32: =I$6-I12 -> 0.16211339 | ... O32: =O$6-O12 -> -0.046224946 | P32: =IFERROR(__xludf.DUMMYFUNCTION("IFERROR(TEXTJOIN("", "", TRUE, QUERY(TRANSPOSE({$B$26:$O$26; B32:O32}), ""SELECT Col1 WHERE Col2 <= 0.05 AND Col2 IS NOT NULL ORDER BY Col2 DESC"", 0)), """")"),"SO, PIM, +/-, W") -> SO, PIM, +/-, W
A33: Harley | B33: =B$6-B13 -> 0.13057358 | C33: =C$6-C13 -> 0.20960595 | D33: =D$6-D13 -> 0.071736785 | E33: =E$6-E13 -> -0.095044155 | F33: =F$6-F13 -> 0.23250576 | G33: =G$6-G13 -> 0.062609059 | H33: =H$6-H13 -> 0.27357341 | I33: =I$6-I13 -> 0.1788006 | ... O33: =O$6-O13 -> -0.10084639 | P33: =IFERROR(__xludf.DUMMYFUNCTION("IFERROR(TEXTJOIN("", "", TRUE, QUERY(TRANSPOSE({$B$26:$O$26; B33:O33}), ""SELECT Col1 WHERE Col2 <= 0.05 AND Col2 IS NOT NULL ORDER BY Col2 DESC"", 0)), """")"),"PIM, SO, HIT") -> PIM, SO, HIT

Sheet Player Values - Cats
O1: 1 | P1: 1 | Q1: 1 | R1: 1 | S1: 1 | T1: 0.5 | U1: 1 | V1: 1 | W1: 1 | X1: 1 | Y1: 1 | Z1: 1 | AA1: 1 | AB1: 0.5 | AC1: =if(AC2="","",vlookup(AC2,CatWeights,2,false)) | AD1: =if(AD2="","",vlookup(AD2,CatWeights,2,false)) | AE1: =if(AE2="","",vlookup(AE2,CatWeights,2,false)) | AF1: =if(AF2="","",vlookup(AF2,CatWeights,2,false)) | AG1: =if(AG2="","",vlookup(AG2,CatWeights,2,false)) | AH1: =if(AH2="","",vlookup(AH2,CatWeights,2,false)) | AI1: =if(AI2="","",vlookup(AI2,CatWeights,2,false)) | AJ1: =if(AJ2="","",vlookup(AJ2,CatWeights,2,false)) | ... AN1: =if(AN2="","",vlookup(AN2,CatWeights,2,false))
A2: New ranking | B2: ⭐ | C2: TAKEN | D2: FTeam | E2: PLAYER | F2: TEAM | G2: POS | H2: VAL | I2: VORP | J2: PRNK | K2: Age | L2: GP | M2: OFF | N2: POG | O2: G | P2: A | Q2: +/- | R2: PIM | S2: PPP | T2: SHP | U2: SOG | V2: FOW | W2: HIT | X2: BLK | Y2: W | Z2: GAA | AA2: SV% | AB2: SO | AQ2: NHL_PLAYER_ID
A3: {=IF(E3:E1300="","",IFNA(VLOOKUP(E3:E1300,'Simulated Rankings'!A2:B645,2,FALSE),""))} | B3: FALSE | C3: =IF(D3="Undrafted",FALSE,True) -> TRUE | D3: Phil | E3: Nathan MacKinnon | F3: COL | G3: C | H3: 15.796064 | I3: 20.83413 | J3: C1 | K3: 31 | L3: {=LET( ids, $AQ$3:$AQ$782, projVals, IFNA(_xlfn.XLOOKUP(ids, Projections!$A$3:$A$782, Projections!$B$3:$B$782, ""), ""), seasonVals, IFNA(_xlfn.XLOOKUP(ids, 'Stats (Season)'!$A$3:$A$782, 'Stats (Season)'!$B$3:$B$782, ""), ""), recentVals, IFNA(_xlfn.XLOOKUP(ids, 'Stats (Last 2 weeks)'!$A$3:$A$782, 'Stats (Last 2 weeks)'!$B$3:$B$782, ""), ""), IF( (projVals="")*(seasonVals="")*(recentVals=""), "", N(projVals)*'Roster Comparison'!$G$1+ N(seasonVals)*'Roster Comparison'!$G$2+ N(recentVals)*'Roster Comparison'!$G$3 ) )} -> 82.163971 | M3: {=LET( ids, $AQ$3:$AQ$782, projVals, IFNA(_xlfn.XLOOKUP(ids, Projections!$A$3:$A$782, Projections!$C$3:$C$782, ""), ""), seasonVals, IFNA(_xlfn.XLOOKUP(ids, 'Stats (Season)'!$A$3:$A$782, 'Stats (Season)'!$C$3:$C$782, ""), ""), recentVals, IFNA(_xlfn.XLOOKUP(ids, 'Stats (Last 2 weeks)'!$A$3:$A$782, 'Stats (Last 2 weeks)'!$C$3:$C$782, ""), ""), IF( (projVals="")*(seasonVals="")*(recentVals=""), "", N(projVals)*'Roster Comparison'!$G$1+ N(seasonVals)*'Roster Comparison'!$G$2+ N(recentVals)*'Roster Comparison'!$G$3 ) )} -> 34 | N3: {=LET( ids, $AQ$3:$AQ$782, projVals, IFNA(_xlfn.XLOOKUP(ids, Projections!$A$3:$A$782, Projections!$D$3:$D$782, ""), ""), seasonVals, IFNA(_xlfn.XLOOKUP(ids, 'Stats (Season)'!$A$3:$A$782, 'Stats (Season)'!$D$3:$D$782, ""), ""), recentVals, IFNA(_xlfn.XLOOKUP(ids, 'Stats (Last 2 weeks)'!$A$3:$A$782, 'Stats (Last 2 weeks)'!$D$3:$D$782, ""), ""), IF( (projVals="")*(seasonVals="")*(recentVals=""), "", N(projVals)*'Roster Comparison'!$G$1+ N(seasonVals)*'Roster Comparison'!$G$2+ N(recentVals)*'Roster Comparison'!$G$3 ) )} -> 7 | O3: {=LET( ids, $AQ$3:$AQ$782, projVals, IFNA(_xlfn.XLOOKUP(ids, Projections!$A$3:$A$782, Projections!$E$3:$E$782, ""), ""), seasonVals, IFNA(_xlfn.XLOOKUP(ids, 'Stats (Season)'!$A$3:$A$782, 'Stats (Season)'!$E$3:$E$782, ""), ""), recentVals, IFNA(_xlfn.XLOOKUP(ids, 'Stats (Last 2 weeks)'!$A$3:$A$782, 'Stats (Last 2 weeks)'!$E$3:$E$782, ""), ""), IF( (projVals="")*(seasonVals="")*(recentVals=""), "", N(projVals)*'Roster Comparison'!$G$1+ N(seasonVals)*'Roster Comparison'!$G$2+ N(recentVals)*'Roster Comparison'!$G$3 ) )} -> 3.0823808 | P3: {=LET( ids, $AQ$3:$AQ$782, projVals, IFNA(_xlfn.XLOOKUP(ids, Projections!$A$3:$A$782, Projections!$F$3:$F$782, ""), ""), seasonVals, IFNA(_xlfn.XLOOKUP(ids, 'Stats (Season)'!$A$3:$A$782, 'Stats (Season)'!$F$3:$F$782, ""), ""), recentVals, IFNA(_xlfn.XLOOKUP(ids, 'Stats (Last 2 weeks)'!$A$3:$A$782, 'Stats (Last 2 weeks)'!$F$3:$F$782, ""), ""), IF( (projVals="")*(seasonVals="")*(recentVals=""), "", N(projVals)*'Roster Comparison'!$G$1+ N(seasonVals)*'Roster Comparison'!$G$2+ N(recentVals)*'Roster Comparison'!$G$3 ) )} -> 3.6976897 | Q3: {=LET( ids, $AQ$3:$AQ$782, projVals, IFNA(_xlfn.XLOOKUP(ids, Projections!$A$3:$A$782, Projections!$G$3:$G$782, ""), ""), seasonVals, IFNA(_xlfn.XLOOKUP(ids, 'Stats (Season)'!$A$3:$A$782, 'Stats (Season)'!$G$3:$G$782, ""), ""), recentVals, IFNA(_xlfn.XLOOKUP(ids, 'Stats (Last 2 weeks)'!$A$3:$A$782, 'Stats (Last 2 weeks)'!$G$3:$G$782, ""), ""), IF( (projVals="")*(seasonVals="")*(recentVals=""), "", N(projVals)*'Roster Comparison'!$G$1+ N(seasonVals)*'Roster Comparison'!$G$2+ N(recentVals)*'Roster Comparison'!$G$3 ) )} -> 4.6687314 | R3: {=LET( ids, $AQ$3:$AQ$782, projVals, IFNA(_xlfn.XLOOKUP(ids, Projections!$A$3:$A$782, Projections!$H$3:$H$782, ""), ""), seasonVals, IFNA(_xlfn.XLOOKUP(ids, 'Stats (Season)'!$A$3:$A$782, 'Stats (Season)'!$H$3:$H$782, ""), ""), recentVals, IFNA(_xlfn.XLOOKUP(ids, 'Stats (Last 2 weeks)'!$A$3:$A$782, 'Stats (Last 2 weeks)'!$H$3:$H$782, ""), ""), IF( (projVals="")*(seasonVals="")*(recentVals=""), "", N(projVals)*'Roster Comparison'!$G$1+ N(seasonVals)*'Roster Comparison'!$G$2+ N(recentVals)*'Roster Comparison'!$G$3 ) )} -> -0.67691492 | S3: {=LET( ids, $AQ$3:$AQ$782, projVals, IFNA(_xlfn.XLOOKUP(ids, Projections!$A$3:$A$782, Projections!$I$3:$I$782, ""), ""), seasonVals, IFNA(_xlfn.XLOOKUP(ids, 'Stats (Season)'!$A$3:$A$782, 'Stats (Season)'!$I$3:$I$782, ""), ""), recentVals, IFNA(_xlfn.XLOOKUP(ids, 'Stats (Last 2 weeks)'!$A$3:$A$782, 'Stats (Last 2 weeks)'!$I$3:$I$782, ""), ""), IF( (projVals="")*(seasonVals="")*(recentVals=""), "", N(projVals)*'Roster Comparison'!$G$1+ N(seasonVals)*'Roster Comparison'!$G$2+ N(recentVals)*'Roster Comparison'!$G$3 ) )} -> 2.4925583 | T3: {=LET( ids, $AQ$3:$AQ$782, projVals, IFNA(_xlfn.XLOOKUP(ids, Projections!$A$3:$A$782, Projections!$J$3:$J$782, ""), ""), seasonVals, IFNA(_xlfn.XLOOKUP(ids, 'Stats (Season)'!$A$3:$A$782, 'Stats (Season)'!$J$3:$J$782, ""), ""), recentVals, IFNA(_xlfn.XLOOKUP(ids, 'Stats (Last 2 weeks)'!$A$3:$A$782, 'Stats (Last 2 weeks)'!$J$3:$J$782, ""), ""), IF( (projVals="")*(seasonVals="")*(recentVals=""), "", N(projVals)*'Roster Comparison'!$G$1+ N(seasonVals)*'Roster Comparison'!$G$2+ N(recentVals)*'Roster Comparison'!$G$3 ) )} -> -0.77971659 | U3: {=LET( ids, $AQ$3:$AQ$782, projVals, IFNA(_xlfn.XLOOKUP(ids, Projections!$A$3:$A$782, Projections!$K$3:$K$782, ""), ""), seasonVals, IFNA(_xlfn.XLOOKUP(ids, 'Stats (Season)'!$A$3:$A$782, 'Stats (Season)'!$K$3:$K$782, ""), ""), recentVals, IFNA(_xlfn.XLOOKUP(ids, 'Stats (Last 2 weeks)'!$A$3:$A$782, 'Stats (Last 2 weeks)'!$K$3:$K$782, ""), ""), IF( (projVals="")*(seasonVals="")*(recentVals=""), "", N(projVals)*'Roster Comparison'!$G$1+ N(seasonVals)*'Roster Comparison'!$G$2+ N(recentVals)*'Roster Comparison'!$G$3 ) )} -> 4.1208429 | V3: {=LET( ids, $AQ$3:$AQ$782, projVals, IFNA(_xlfn.XLOOKUP(ids, Projections!$A$3:$A$782, Projections!$L$3:$L$782, ""), ""), seasonVals, IFNA(_xlfn.XLOOKUP(ids, 'Stats (Season)'!$A$3:$A$782, 'Stats (Season)'!$L$3:$L$782, ""), ""), recentVals, IFNA(_xlfn.XLOOKUP(ids, 'Stats (Last 2 weeks)'!$A$3:$A$782, 'Stats (Last 2 weeks)'!$L$3:$L$782, ""), ""), IF( (projVals="")*(seasonVals="")*(recentVals=""), "", N(projVals)*'Roster Comparison'!$G$1+ N(seasonVals)*'Roster Comparison'!$G$2+ N(recentVals)*'Roster Comparison'!$G$3 ) )} -> 1.977977 | W3: {=LET( ids, $AQ$3:$AQ$782, projVals, IFNA(_xlfn.XLOOKUP(ids, Projections!$A$3:$A$782, Projections!$M$3:$M$782, ""), ""), seasonVals, IFNA(_xlfn.XLOOKUP(ids, 'Stats (Season)'!$A$3:$A$782, 'Stats (Season)'!$M$3:$M$782, ""), ""), recentVals, IFNA(_xlfn.XLOOKUP(ids, 'Stats (Last 2 weeks)'!$A$3:$A$782, 'Stats (Last 2 weeks)'!$M$3:$M$782, ""), ""), IF( (projVals="")*(seasonVals="")*(recentVals=""), "", N(projVals)*'Roster Comparison'!$G$1+ N(seasonVals)*'Roster Comparison'!$G$2+ N(recentVals)*'Roster Comparison'!$G$3 ) )} -> -1.4890529 | X3: {=LET( ids, $AQ$3:$AQ$782, projVals, IFNA(_xlfn.XLOOKUP(ids, Projections!$A$3:$A$782, Projections!$N$3:$N$782, ""), ""), seasonVals, IFNA(_xlfn.XLOOKUP(ids, 'Stats (Season)'!$A$3:$A$782, 'Stats (Season)'!$N$3:$N$782, ""), ""), recentVals, IFNA(_xlfn.XLOOKUP(ids, 'Stats (Last 2 weeks)'!$A$3:$A$782, 'Stats (Last 2 weeks)'!$N$3:$N$782, ""), ""), IF( (projVals="")*(seasonVals="")*(recentVals=""), "", N(projVals)*'Roster Comparison'!$G$1+ N(seasonVals)*'Roster Comparison'!$G$2+ N(recentVals)*'Roster Comparison'!$G$3 ) )} -> -1.2984313 | Y3: {=LET( ids, $AQ$3:$AQ$782, projVals, IFNA(_xlfn.XLOOKUP(ids, Projections!$A$3:$A$782, Projections!$O$3:$O$782, ""), ""), seasonVals, IFNA(_xlfn.XLOOKUP(ids, 'Stats (Season)'!$A$3:$A$782, 'Stats (Season)'!$O$3:$O$782, ""), ""), recentVals, IFNA(_xlfn.XLOOKUP(ids, 'Stats (Last 2 weeks)'!$A$3:$A$782, 'Stats (Last 2 weeks)'!$O$3:$O$782, ""), ""), IF( (projVals="")*(seasonVals="")*(recentVals=""), "", N(projVals)*'Roster Comparison'!$G$1+ N(seasonVals)*'Roster Comparison'!$G$2+ N(recentVals)*'Roster Comparison'!$G$3 ) )} | Z3: {=LET( ids, $AQ$3:$AQ$782, projVals, IFNA(_xlfn.XLOOKUP(ids, Projections!$A$3:$A$782, Projections!$P$3:$P$782, ""), ""), seasonVals, IFNA(_xlfn.XLOOKUP(ids, 'Stats (Season)'!$A$3:$A$782, 'Stats (Season)'!$P$3:$P$782, ""), ""), recentVals, IFNA(_xlfn.XLOOKUP(ids, 'Stats (Last 2 weeks)'!$A$3:$A$782, 'Stats (Last 2 weeks)'!$P$3:$P$782, ""), ""), IF( (projVals="")*(seasonVals="")*(recentVals=""), "", N(projVals)*'Roster Comparison'!$G$1+ N(seasonVals)*'Roster Comparison'!$G$2+ N(recentVals)*'Roster Comparison'!$G$3 ) )} | AA3: {=LET( ids, $AQ$3:$AQ$782, projVals, IFNA(_xlfn.XLOOKUP(ids, Projections!$A$3:$A$782, Projections!$Q$3:$Q$782, ""), ""), seasonVals, IFNA(_xlfn.XLOOKUP(ids, 'Stats (Season)'!$A$3:$A$782, 'Stats (Season)'!$Q$3:$Q$782, ""), ""), recentVals, IFNA(_xlfn.XLOOKUP(ids, 'Stats (Last 2 weeks)'!$A$3:$A$782, 'Stats (Last 2 weeks)'!$Q$3:$Q$782, ""), ""), IF( (projVals="")*(seasonVals="")*(recentVals=""), "", N(projVals)*'Roster Comparison'!$G$1+ N(seasonVals)*'Roster Comparison'!$G$2+ N(recentVals)*'Roster Comparison'!$G$3 ) )} | AB3: {=LET( ids, $AQ$3:$AQ$782, projVals, IFNA(_xlfn.XLOOKUP(ids, Projections!$A$3:$A$782, Projections!$R$3:$R$782, ""), ""), seasonVals, IFNA(_xlfn.XLOOKUP(ids, 'Stats (Season)'!$A$3:$A$782, 'Stats (Season)'!$R$3:$R$782, ""), ""), recentVals, IFNA(_xlfn.XLOOKUP(ids, 'Stats (Last 2 weeks)'!$A$3:$A$782, 'Stats (Last 2 weeks)'!$R$3:$R$782, ""), ""), IF( (projVals="")*(seasonVals="")*(recentVals=""), "", N(projVals)*'Roster Comparison'!$G$1+ N(seasonVals)*'Roster Comparison'!$G$2+ N(recentVals)*'Roster Comparison'!$G$3 ) )} | AC3: =LET( skater, IFERROR(INDEX(AllProj, MATCH($E3, AllProjNames, 0), MATCH(AC$2, AllProjCats, 0) + 1), ""), goalie, IFERROR(INDEX(AllGProj, MATCH($E3, AllGProjNames, 0), MATCH(AC$2, AllGProjCats, 0) + 1), ""), val, IF(skater <> "", skater, goalie), IF(OR($E3="", AC$2="", val=""), "", val * AC$1) ) | AD3: =LET( skater, IFERROR(INDEX(AllProj, MATCH($E3, AllProjNames, 0), MATCH(AD$2, AllProjCats, 0) + 1), ""), goalie, IFERROR(INDEX(AllGProj, MATCH($E3, AllGProjNames, 0), MATCH(AD$2, AllGProjCats, 0) + 1), ""), val, IF(skater <> "", skater, goalie), IF(OR($E3="", AD$2="", val=""), "", val * AD$1) ) | AE3: =LET( skater, IFERROR(INDEX(AllProj, MATCH($E3, AllProjNames, 0), MATCH(AE$2, AllProjCats, 0) + 1), ""), goalie, IFERROR(INDEX(AllGProj, MATCH($E3, AllGProjNames, 0), MATCH(AE$2, AllGProjCats, 0) + 1), ""), val, IF(skater <> "", skater, goalie), IF(OR($E3="", AE$2="", val=""), "", val * AE$1) ) | AF3: =LET( skater, IFERROR(INDEX(AllProj, MATCH($E3, AllProjNames, 0), MATCH(AF$2, AllProjCats, 0) + 1), ""), goalie, IFERROR(INDEX(AllGProj, MATCH($E3, AllGProjNames, 0), MATCH(AF$2, AllGProjCats, 0) + 1), ""), val, IF(skater <> "", skater, goalie), IF(OR($E3="", AF$2="", val=""), "", val * AF$1) ) | AG3: =LET( skater, IFERROR(INDEX(AllProj, MATCH($E3, AllProjNames, 0), MATCH(AG$2, AllProjCats, 0) + 1), ""), goalie, IFERROR(INDEX(AllGProj, MATCH($E3, AllGProjNames, 0), MATCH(AG$2, AllGProjCats, 0) + 1), ""), val, IF(skater <> "", skater, goalie), IF(OR($E3="", AG$2="", val=""), "", val * AG$1) ) | AH3: =LET( skater, IFERROR(INDEX(AllProj, MATCH($E3, AllProjNames, 0), MATCH(AH$2, AllProjCats, 0) + 1), ""), goalie, IFERROR(INDEX(AllGProj, MATCH($E3, AllGProjNames, 0), MATCH(AH$2, AllGProjCats, 0) + 1), ""), val, IF(skater <> "", skater, goalie), IF(OR($E3="", AH$2="", val=""), "", val * AH$1) ) | AI3: =LET( skater, IFERROR(INDEX(AllProj, MATCH($E3, AllProjNames, 0), MATCH(AI$2, AllProjCats, 0) + 1), ""), goalie, IFERROR(INDEX(AllGProj, MATCH($E3, AllGProjNames, 0), MATCH(AI$2, AllGProjCats, 0) + 1), ""), val, IF(skater <> "", skater, goalie), IF(OR($E3="", AI$2="", val=""), "", val * AI$1) ) | AJ3: =LET( skater, IFERROR(INDEX(AllProj, MATCH($E3, AllProjNames, 0), MATCH(AJ$2, AllProjCats, 0) + 1), ""), goalie, IFERROR(INDEX(AllGProj, MATCH($E3, AllGProjNames, 0), MATCH(AJ$2, AllGProjCats, 0) + 1), ""), val, IF(skater <> "", skater, goalie), IF(OR($E3="", AJ$2="", val=""), "", val * AJ$1) ) | ... AP3: =LET( skater, IFERROR(INDEX(AllProj, MATCH($E3, AllProjNames, 0), MATCH(AP$2, AllProjCats, 0) + 1), ""), goalie, IFERROR(INDEX(AllGProj, MATCH($E3, AllGProjNames, 0), MATCH(AP$2, AllGProjCats, 0) + 1), ""), val, IF(skater <> "", skater, goalie), IF(OR($E3="", AP$2="", val=""), "", val * AP$1) ) | AQ3: 8477492
B4: FALSE | C4: =IF(D4="Undrafted",FALSE,True) -> TRUE | D4: Lev | E4: Connor McDavid | F4: EDM | G4: C | H4: 13.226425 | I4: 18.264491 | J4: C2 | K4: 29.7 | L4: 81.123676 | M4: 29 | N4: 6 | O4: 2.4402938 | P4: 4.6435119 | Q4: 3.0128394 | R4: -0.53203692 | S4: 3.9570263 | T4: -0.40059815 | U4: 2.5169922 | V4: 0.94868078 | W4: -1.5656995 | X4: -1.7945844 | AC4: =LET( skater, IFERROR(INDEX(AllProj, MATCH($E4, AllProjNames, 0), MATCH(AC$2, AllProjCats, 0) + 1), ""), goalie, IFERROR(INDEX(AllGProj, MATCH($E4, AllGProjNames, 0), MATCH(AC$2, AllGProjCats, 0) + 1), ""), val, IF(skater <> "", skater, goalie), IF(OR($E4="", AC$2="", val=""), "", val * AC$1) ) | AD4: =LET( skater, IFERROR(INDEX(AllProj, MATCH($E4, AllProjNames, 0), MATCH(AD$2, AllProjCats, 0) + 1), ""), goalie, IFERROR(INDEX(AllGProj, MATCH($E4, AllGProjNames, 0), MATCH(AD$2, AllGProjCats, 0) + 1), ""), val, IF(skater <> "", skater, goalie), IF(OR($E4="", AD$2="", val=""), "", val * AD$1) ) | AE4: =LET( skater, IFERROR(INDEX(AllProj, MATCH($E4, AllProjNames, 0), MATCH(AE$2, AllProjCats, 0) + 1), ""), goalie, IFERROR(INDEX(AllGProj, MATCH($E4, AllGProjNames, 0), MATCH(AE$2, AllGProjCats, 0) + 1), ""), val, IF(skater <> "", skater, goalie), IF(OR($E4="", AE$2="", val=""), "", val * AE$1) ) | AF4: =LET( skater, IFERROR(INDEX(AllProj, MATCH($E4, AllProjNames, 0), MATCH(AF$2, AllProjCats, 0) + 1), ""), goalie, IFERROR(INDEX(AllGProj, MATCH($E4, AllGProjNames, 0), MATCH(AF$2, AllGProjCats, 0) + 1), ""), val, IF(skater <> "", skater, goalie), IF(OR($E4="", AF$2="", val=""), "", val * AF$1) ) | AG4: =LET( skater, IFERROR(INDEX(AllProj, MATCH($E4, AllProjNames, 0), MATCH(AG$2, AllProjCats, 0) + 1), ""), goalie, IFERROR(INDEX(AllGProj, MATCH($E4, AllGProjNames, 0), MATCH(AG$2, AllGProjCats, 0) + 1), ""), val, IF(skater <> "", skater, goalie), IF(OR($E4="", AG$2="", val=""), "", val * AG$1) ) | AH4: =LET( skater, IFERROR(INDEX(AllProj, MATCH($E4, AllProjNames, 0), MATCH(AH$2, AllProjCats, 0) + 1), ""), goalie, IFERROR(INDEX(AllGProj, MATCH($E4, AllGProjNames, 0), MATCH(AH$2, AllGProjCats, 0) + 1), ""), val, IF(skater <> "", skater, goalie), IF(OR($E4="", AH$2="", val=""), "", val * AH$1) ) | AI4: =LET( skater, IFERROR(INDEX(AllProj, MATCH($E4, AllProjNames, 0), MATCH(AI$2, AllProjCats, 0) + 1), ""), goalie, IFERROR(INDEX(AllGProj, MATCH($E4, AllGProjNames, 0), MATCH(AI$2, AllGProjCats, 0) + 1), ""), val, IF(skater <> "", skater, goalie), IF(OR($E4="", AI$2="", val=""), "", val * AI$1) ) | AJ4: =LET( skater, IFERROR(INDEX(AllProj, MATCH($E4, AllProjNames, 0), MATCH(AJ$2, AllProjCats, 0) + 1), ""), goalie, IFERROR(INDEX(AllGProj, MATCH($E4, AllGProjNames, 0), MATCH(AJ$2, AllGProjCats, 0) + 1), ""), val, IF(skater <> "", skater, goalie), IF(OR($E4="", AJ$2="", val=""), "", val * AJ$1) ) | ... AP4: =LET( skater, IFERROR(INDEX(AllProj, MATCH($E4, AllProjNames, 0), MATCH(AP$2, AllProjCats, 0) + 1), ""), goalie, IFERROR(INDEX(AllGProj, MATCH($E4, AllGProjNames, 0), MATCH(AP$2, AllGProjCats, 0) + 1), ""), val, IF(skater <> "", skater, goalie), IF(OR($E4="", AP$2="", val=""), "", val * AP$1) ) | AQ4: 8478402
B5: FALSE | C5: =IF(D5="Undrafted",FALSE,True) -> TRUE | D5: Harley | E5: Nikita Kucherov | F5: TBL | G5: RW | H5: 10.232299 | I5: 15.674436 | J5: R1 | K5: 33.2 | L5: 80.761471 | M5: 16 | N5: 6 | O5: 2.4128285 | P5: 4.3460825 | Q5: 3.0420045 | R5: -0.39102424 | S5: 3.3338608 | T5: -0.76640695 | U5: 1.9320102 | V5: 0 | W5: -1.9151251 | X5: -1.7619317 | AC5: =LET( skater, IFERROR(INDEX(AllProj, MATCH($E5, AllProjNames, 0), MATCH(AC$2, AllProjCats, 0) + 1), ""), goalie, IFERROR(INDEX(AllGProj, MATCH($E5, AllGProjNames, 0), MATCH(AC$2, AllGProjCats, 0) + 1), ""), val, IF(skater <> "", skater, goalie), IF(OR($E5="", AC$2="", val=""), "", val * AC$1) ) | AD5: =LET( skater, IFERROR(INDEX(AllProj, MATCH($E5, AllProjNames, 0), MATCH(AD$2, AllProjCats, 0) + 1), ""), goalie, IFERROR(INDEX(AllGProj, MATCH($E5, AllGProjNames, 0), MATCH(AD$2, AllGProjCats, 0) + 1), ""), val, IF(skater <> "", skater, goalie), IF(OR($E5="", AD$2="", val=""), "", val * AD$1) ) | AE5: =LET( skater, IFERROR(INDEX(AllProj, MATCH($E5, AllProjNames, 0), MATCH(AE$2, AllProjCats, 0) + 1), ""), goalie, IFERROR(INDEX(AllGProj, MATCH($E5, AllGProjNames, 0), MATCH(AE$2, AllGProjCats, 0) + 1), ""), val, IF(skater <> "", skater, goalie), IF(OR($E5="", AE$2="", val=""), "", val * AE$1) ) | AF5: =LET( skater, IFERROR(INDEX(AllProj, MATCH($E5, AllProjNames, 0), MATCH(AF$2, AllProjCats, 0) + 1), ""), goalie, IFERROR(INDEX(AllGProj, MATCH($E5, AllGProjNames, 0), MATCH(AF$2, AllGProjCats, 0) + 1), ""), val, IF(skater <> "", skater, goalie), IF(OR($E5="", AF$2="", val=""), "", val * AF$1) ) | AG5: =LET( skater, IFERROR(INDEX(AllProj, MATCH($E5, AllProjNames, 0), MATCH(AG$2, AllProjCats, 0) + 1), ""), goalie, IFERROR(INDEX(AllGProj, MATCH($E5, AllGProjNames, 0), MATCH(AG$2, AllGProjCats, 0) + 1), ""), val, IF(skater <> "", skater, goalie), IF(OR($E5="", AG$2="", val=""), "", val * AG$1) ) | AH5: =LET( skater, IFERROR(INDEX(AllProj, MATCH($E5, AllProjNames, 0), MATCH(AH$2, AllProjCats, 0) + 1), ""), goalie, IFERROR(INDEX(AllGProj, MATCH($E5, AllGProjNames, 0), MATCH(AH$2, AllGProjCats, 0) + 1), ""), val, IF(skater <> "", skater, goalie), IF(OR($E5="", AH$2="", val=""), "", val * AH$1) ) | AI5: =LET( skater, IFERROR(INDEX(AllProj, MATCH($E5, AllProjNames, 0), MATCH(AI$2, AllProjCats, 0) + 1), ""), goalie, IFERROR(INDEX(AllGProj, MATCH($E5, AllGProjNames, 0), MATCH(AI$2, AllGProjCats, 0) + 1), ""), val, IF(skater <> "", skater, goalie), IF(OR($E5="", AI$2="", val=""), "", val * AI$1) ) | AJ5: =LET( skater, IFERROR(INDEX(AllProj, MATCH($E5, AllProjNames, 0), MATCH(AJ$2, AllProjCats, 0) + 1), ""), goalie, IFERROR(INDEX(AllGProj, MATCH($E5, AllGProjNames, 0), MATCH(AJ$2, AllGProjCats, 0) + 1), ""), val, IF(skater <> "", skater, goalie), IF(OR($E5="", AJ$2="", val=""), "", val * AJ$1) ) | ... AP5: =LET( skater, IFERROR(INDEX(AllProj, MATCH($E5, AllProjNames, 0), MATCH(AP$2, AllProjCats, 0) + 1), ""), goalie, IFERROR(INDEX(AllGProj, MATCH($E5, AllGProjNames, 0), MATCH(AP$2, AllGProjCats, 0) + 1), ""), val, IF(skater <> "", skater, goalie), IF(OR($E5="", AP$2="", val=""), "", val * AP$1) ) | AQ5: 8476453
B6: FALSE | C6: =IF(D6="Undrafted",FALSE,True) -> TRUE | D6: Lev | E6: Leon Draisaitl | F6: EDM | G6: C,LW | H6: 9.8715396 | I6: 15.25942 | J6: C3 L1 | K6: 30.9 | L6: 77.952941 | M6: 29 | N6: 6 | O6: 2.8808093 | P6: 2.6307824 | Q6: 2.2235323 | R6: -0.50785016 | S6: 3.39085 | T6: -0.4239867 | U6: 1.2766833 | V6: 2.2283751 | W6: -1.8387467 | X6: -1.9889094 | AC6: =LET( skater, IFERROR(INDEX(AllProj, MATCH($E6, AllProjNames, 0), MATCH(AC$2, AllProjCats, 0) + 1), ""), goalie, IFERROR(INDEX(AllGProj, MATCH($E6, AllGProjNames, 0), MATCH(AC$2, AllGProjCats, 0) + 1), ""), val, IF(skater <> "", skater, goalie), IF(OR($E6="", AC$2="", val=""), "", val * AC$1) ) | AD6: =LET( skater, IFERROR(INDEX(AllProj, MATCH($E6, AllProjNames, 0), MATCH(AD$2, AllProjCats, 0) + 1), ""), goalie, IFERROR(INDEX(AllGProj, MATCH($E6, AllGProjNames, 0), MATCH(AD$2, AllGProjCats, 0) + 1), ""), val, IF(skater <> "", skater, goalie), IF(OR($E6="", AD$2="", val=""), "", val * AD$1) ) | AE6: =LET( skater, IFERROR(INDEX(AllProj, MATCH($E6, AllProjNames, 0), MATCH(AE$2, AllProjCats, 0) + 1), ""), goalie, IFERROR(INDEX(AllGProj, MATCH($E6, AllGProjNames, 0), MATCH(AE$2, AllGProjCats, 0) + 1), ""), val, IF(skater <> "", skater, goalie), IF(OR($E6="", AE$2="", val=""), "", val * AE$1) ) | AF6: =LET( skater, IFERROR(INDEX(AllProj, MATCH($E6, AllProjNames, 0), MATCH(AF$2, AllProjCats, 0) + 1), ""), goalie, IFERROR(INDEX(AllGProj, MATCH($E6, AllGProjNames, 0), MATCH(AF$2, AllGProjCats, 0) + 1), ""), val, IF(skater <> "", skater, goalie), IF(OR($E6="", AF$2="", val=""), "", val * AF$1) ) | AG6: =LET( skater, IFERROR(INDEX(AllProj, MATCH($E6, AllProjNames, 0), MATCH(AG$2, AllProjCats, 0) + 1), ""), goalie, IFERROR(INDEX(AllGProj, MATCH($E6, AllGProjNames, 0), MATCH(AG$2, AllGProjCats, 0) + 1), ""), val, IF(skater <> "", skater, goalie), IF(OR($E6="", AG$2="", val=""), "", val * AG$1) ) | AH6: =LET( skater, IFERROR(INDEX(AllProj, MATCH($E6, AllProjNames, 0), MATCH(AH$2, AllProjCats, 0) + 1), ""), goalie, IFERROR(INDEX(AllGProj, MATCH($E6, AllGProjNames, 0), MATCH(AH$2, AllGProjCats, 0) + 1), ""), val, IF(skater <> "", skater, goalie), IF(OR($E6="", AH$2="", val=""), "", val * AH$1) ) | AI6: =LET( skater, IFERROR(INDEX(AllProj, MATCH($E6, AllProjNames, 0), MATCH(AI$2, AllProjCats, 0) + 1), ""), goalie, IFERROR(INDEX(AllGProj, MATCH($E6, AllGProjNames, 0), MATCH(AI$2, AllGProjCats, 0) + 1), ""), val, IF(skater <> "", skater, goalie), IF(OR($E6="", AI$2="", val=""), "", val * AI$1) ) | AJ6: =LET( skater, IFERROR(INDEX(AllProj, MATCH($E6, AllProjNames, 0), MATCH(AJ$2, AllProjCats, 0) + 1), ""), goalie, IFERROR(INDEX(AllGProj, MATCH($E6, AllGProjNames, 0), MATCH(AJ$2, AllGProjCats, 0) + 1), ""), val, IF(skater <> "", skater, goalie), IF(OR($E6="", AJ$2="", val=""), "", val * AJ$1) ) | ... AP6: =LET( skater, IFERROR(INDEX(AllProj, MATCH($E6, AllProjNames, 0), MATCH(AP$2, AllProjCats, 0) + 1), ""), goalie, IFERROR(INDEX(AllGProj, MATCH($E6, AllGProjNames, 0), MATCH(AP$2, AllGProjCats, 0) + 1), ""), val, IF(skater <> "", skater, goalie), IF(OR($E6="", AP$2="", val=""), "", val * AP$1) ) | AQ6: 8477934
B7: FALSE | C7: =IF(D7="Undrafted",FALSE,True) -> TRUE | D7: Ilan | E7: Brady Tkachuk | F7: FLA | G7: C,LW | H7: 8.1848416 | I7: 13.572722 | J7: C4 L2 | K7: 27 | L7: 77.820588 | M7: 29 | N7: 7 | O7: 1.221138 | P7: 0.25044802 | Q7: 0.62375221 | R7: 3.1048766 | S7: 0.76608004 | T7: -0.71721621 | U7: 2.7467362 | V7: 0 | W7: 1.9740338 | X7: -1.785007 | AC7: =LET( skater, IFERROR(INDEX(AllProj, MATCH($E7, AllProjNames, 0), MATCH(AC$2, AllProjCats, 0) + 1), ""), goalie, IFERROR(INDEX(AllGProj, MATCH($E7, AllGProjNames, 0), MATCH(AC$2, AllGProjCats, 0) + 1), ""), val, IF(skater <> "", skater, goalie), IF(OR($E7="", AC$2="", val=""), "", val * AC$1) ) | AD7: =LET( skater, IFERROR(INDEX(AllProj, MATCH($E7, AllProjNames, 0), MATCH(AD$2, AllProjCats, 0) + 1), ""), goalie, IFERROR(INDEX(AllGProj, MATCH($E7, AllGProjNames, 0), MATCH(AD$2, AllGProjCats, 0) + 1), ""), val, IF(skater <> "", skater, goalie), IF(OR($E7="", AD$2="", val=""), "", val * AD$1) ) | AE7: =LET( skater, IFERROR(INDEX(AllProj, MATCH($E7, AllProjNames, 0), MATCH(AE$2, AllProjCats, 0) + 1), ""), goalie, IFERROR(INDEX(AllGProj, MATCH($E7, AllGProjNames, 0), MATCH(AE$2, AllGProjCats, 0) + 1), ""), val, IF(skater <> "", skater, goalie), IF(OR($E7="", AE$2="", val=""), "", val * AE$1) ) | AF7: =LET( skater, IFERROR(INDEX(AllProj, MATCH($E7, AllProjNames, 0), MATCH(AF$2, AllProjCats, 0) + 1), ""), goalie, IFERROR(INDEX(AllGProj, MATCH($E7, AllGProjNames, 0), MATCH(AF$2, AllGProjCats, 0) + 1), ""), val, IF(skater <> "", skater, goalie), IF(OR($E7="", AF$2="", val=""), "", val * AF$1) ) | AG7: =LET( skater, IFERROR(INDEX(AllProj, MATCH($E7, AllProjNames, 0), MATCH(AG$2, AllProjCats, 0) + 1), ""), goalie, IFERROR(INDEX(AllGProj, MATCH($E7, AllGProjNames, 0), MATCH(AG$2, AllGProjCats, 0) + 1), ""), val, IF(skater <> "", skater, goalie), IF(OR($E7="", AG$2="", val=""), "", val * AG$1) ) | AH7: =LET( skater, IFERROR(INDEX(AllProj, MATCH($E7, AllProjNames, 0), MATCH(AH$2, AllProjCats, 0) + 1), ""), goalie, IFERROR(INDEX(AllGProj, MATCH($E7, AllGProjNames, 0), MATCH(AH$2, AllGProjCats, 0) + 1), ""), val, IF(skater <> "", skater, goalie), IF(OR($E7="", AH$2="", val=""), "", val * AH$1) ) | AI7: =LET( skater, IFERROR(INDEX(AllProj, MATCH($E7, AllProjNames, 0), MATCH(AI$2, AllProjCats, 0) + 1), ""), goalie, IFERROR(INDEX(AllGProj, MATCH($E7, AllGProjNames, 0), MATCH(AI$2, AllGProjCats, 0) + 1), ""), val, IF(skater <> "", skater, goalie), IF(OR($E7="", AI$2="", val=""), "", val * AI$1) ) | AJ7: =LET( skater, IFERROR(INDEX(AllProj, MATCH($E7, AllProjNames, 0), MATCH(AJ$2, AllProjCats, 0) + 1), ""), goalie, IFERROR(INDEX(AllGProj, MATCH($E7, AllGProjNames, 0), MATCH(AJ$2, AllGProjCats, 0) + 1), ""), val, IF(skater <> "", skater, goalie), IF(OR($E7="", AJ$2="", val=""), "", val * AJ$1) ) | ... AP7: =LET( skater, IFERROR(INDEX(AllProj, MATCH($E7, AllProjNames, 0), MATCH(AP$2, AllProjCats, 0) + 1), ""), goalie, IFERROR(INDEX(AllGProj, MATCH($E7, AllGProjNames, 0), MATCH(AP$2, AllGProjCats, 0) + 1), ""), val, IF(skater <> "", skater, goalie), IF(OR($E7="", AP$2="", val=""), "", val * AP$1) ) | AQ7: 8480801
B8: FALSE | C8: =IF(D8="Undrafted",FALSE,True) -> TRUE | D8: Henry | E8: Jack Eichel | F8: VGK | G8: C | H8: 7.7636992 | I8: 12.801765 | J8: C5 | K8: 29.9 | L8: 78.474559 | M8: 28 | N8: 6 | O8: 1.4217887 | P8: 2.339132 | Q8: 2.2457452 | R8: -1.721744 | S8: 2.0360115 | T8: 0.57853773 | U8: 2.4816017 | V8: 1.5365009 | W8: -1.9577997 | X8: -1.1960748 | AC8: =LET( skater, IFERROR(INDEX(AllProj, MATCH($E8, AllProjNames, 0), MATCH(AC$2, AllProjCats, 0) + 1), ""), goalie, IFERROR(INDEX(AllGProj, MATCH($E8, AllGProjNames, 0), MATCH(AC$2, AllGProjCats, 0) + 1), ""), val, IF(skater <> "", skater, goalie), IF(OR($E8="", AC$2="", val=""), "", val * AC$1) ) | AD8: =LET( skater, IFERROR(INDEX(AllProj, MATCH($E8, AllProjNames, 0), MATCH(AD$2, AllProjCats, 0) + 1), ""), goalie, IFERROR(INDEX(AllGProj, MATCH($E8, AllGProjNames, 0), MATCH(AD$2, AllGProjCats, 0) + 1), ""), val, IF(skater <> "", skater, goalie), IF(OR($E8="", AD$2="", val=""), "", val * AD$1) ) | AE8: =LET( skater, IFERROR(INDEX(AllProj, MATCH($E8, AllProjNames, 0), MATCH(AE$2, AllProjCats, 0) + 1), ""), goalie, IFERROR(INDEX(AllGProj, MATCH($E8, AllGProjNames, 0), MATCH(AE$2, AllGProjCats, 0) + 1), ""), val, IF(skater <> "", skater, goalie), IF(OR($E8="", AE$2="", val=""), "", val * AE$1) ) | AF8: =LET( skater, IFERROR(INDEX(AllProj, MATCH($E8, AllProjNames, 0), MATCH(AF$2, AllProjCats, 0) + 1), ""), goalie, IFERROR(INDEX(AllGProj, MATCH($E8, AllGProjNames, 0), MATCH(AF$2, AllGProjCats, 0) + 1), ""), val, IF(skater <> "", skater, goalie), IF(OR($E8="", AF$2="", val=""), "", val * AF$1) ) | AG8: =LET( skater, IFERROR(INDEX(AllProj, MATCH($E8, AllProjNames, 0), MATCH(AG$2, AllProjCats, 0) + 1), ""), goalie, IFERROR(INDEX(AllGProj, MATCH($E8, AllGProjNames, 0), MATCH(AG$2, AllGProjCats, 0) + 1), ""), val, IF(skater <> "", skater, goalie), IF(OR($E8="", AG$2="", val=""), "", val * AG$1) ) | AH8: =LET( skater, IFERROR(INDEX(AllProj, MATCH($E8, AllProjNames, 0), MATCH(AH$2, AllProjCats, 0) + 1), ""), goalie, IFERROR(INDEX(AllGProj, MATCH($E8, AllGProjNames, 0), MATCH(AH$2, AllGProjCats, 0) + 1), ""), val, IF(skater <> "", skater, goalie), IF(OR($E8="", AH$2="", val=""), "", val * AH$1) ) | AI8: =LET( skater, IFERROR(INDEX(AllProj, MATCH($E8, AllProjNames, 0), MATCH(AI$2, AllProjCats, 0) + 1), ""), goalie, IFERROR(INDEX(AllGProj, MATCH($E8, AllGProjNames, 0), MATCH(AI$2, AllGProjCats, 0) + 1), ""), val, IF(skater <> "", skater, goalie), IF(OR($E8="", AI$2="", val=""), "", val * AI$1) ) | AJ8: =LET( skater, IFERROR(INDEX(AllProj, MATCH($E8, AllProjNames, 0), MATCH(AJ$2, AllProjCats, 0) + 1), ""), goalie, IFERROR(INDEX(AllGProj, MATCH($E8, AllGProjNames, 0), MATCH(AJ$2, AllGProjCats, 0) + 1), ""), val, IF(skater <> "", skater, goalie), IF(OR($E8="", AJ$2="", val=""), "", val * AJ$1) ) | ... AP8: =LET( skater, IFERROR(INDEX(AllProj, MATCH($E8, AllProjNames, 0), MATCH(AP$2, AllProjCats, 0) + 1), ""), goalie, IFERROR(INDEX(AllGProj, MATCH($E8, AllGProjNames, 0), MATCH(AP$2, AllGProjCats, 0) + 1), ""), val, IF(skater <> "", skater, goalie), IF(OR($E8="", AP$2="", val=""), "", val * AP$1) ) | AQ8: 8478403
B9: FALSE | C9: =IF(D9="Undrafted",FALSE,True) -> TRUE | D9: Ryan | E9: Cale Makar | F9: COL | G9: D | H9: 7.6586996 | I9: 13.188558 | J9: D1 | K9: 27.9 | L9: 81.002206 | M9: 34 | N9: 7 | O9: 0.24906735 | P9: 2.661706 | Q9: 3.2021492 | R9: -1.4937141 | S9: 2.2985638 | T9: -0.04146467 | U9: 1.3874202 | V9: 0 | W9: -1.7749025 | X9: 1.1698743 | AC9: =LET( skater, IFERROR(INDEX(AllProj, MATCH($E9, AllProjNames, 0), MATCH(AC$2, AllProjCats, 0) + 1), ""), goalie, IFERROR(INDEX(AllGProj, MATCH($E9, AllGProjNames, 0), MATCH(AC$2, AllGProjCats, 0) + 1), ""), val, IF(skater <> "", skater, goalie), IF(OR($E9="", AC$2="", val=""), "", val * AC$1) ) | AD9: =LET( skater, IFERROR(INDEX(AllProj, MATCH($E9, AllProjNames, 0), MATCH(AD$2, AllProjCats, 0) + 1), ""), goalie, IFERROR(INDEX(AllGProj, MATCH($E9, AllGProjNames, 0), MATCH(AD$2, AllGProjCats, 0) + 1), ""), val, IF(skater <> "", skater, goalie), IF(OR($E9="", AD$2="", val=""), "", val * AD$1) ) | AE9: =LET( skater, IFERROR(INDEX(AllProj, MATCH($E9, AllProjNames, 0), MATCH(AE$2, AllProjCats, 0) + 1), ""), goalie, IFERROR(INDEX(AllGProj, MATCH($E9, AllGProjNames, 0), MATCH(AE$2, AllGProjCats, 0) + 1), ""), val, IF(skater <> "", skater, goalie), IF(OR($E9="", AE$2="", val=""), "", val * AE$1) ) | AF9: =LET( skater, IFERROR(INDEX(AllProj, MATCH($E9, AllProjNames, 0), MATCH(AF$2, AllProjCats, 0) + 1), ""), goalie, IFERROR(INDEX(AllGProj, MATCH($E9, AllGProjNames, 0), MATCH(AF$2, AllGProjCats, 0) + 1), ""), val, IF(skater <> "", skater, goalie), IF(OR($E9="", AF$2="", val=""), "", val * AF$1) ) | AG9: =LET( skater, IFERROR(INDEX(AllProj, MATCH($E9, AllProjNames, 0), MATCH(AG$2, AllProjCats, 0) + 1), ""), goalie, IFERROR(INDEX(AllGProj, MATCH($E9, AllGProjNames, 0), MATCH(AG$2, AllGProjCats, 0) + 1), ""), val, IF(skater <> "", skater, goalie), IF(OR($E9="", AG$2="", val=""), "", val * AG$1) ) | AH9: =LET( skater, IFERROR(INDEX(AllProj, MATCH($E9, AllProjNames, 0), MATCH(AH$2, AllProjCats, 0) + 1), ""), goalie, IFERROR(INDEX(AllGProj, MATCH($E9, AllGProjNames, 0), MATCH(AH$2, AllGProjCats, 0) + 1), ""), val, IF(skater <> "", skater, goalie), IF(OR($E9="", AH$2="", val=""), "", val * AH$1) ) | AI9: =LET( skater, IFERROR(INDEX(AllProj, MATCH($E9, AllProjNames, 0), MATCH(AI$2, AllProjCats, 0) + 1), ""), goalie, IFERROR(INDEX(AllGProj, MATCH($E9, AllGProjNames, 0), MATCH(AI$2, AllGProjCats, 0) + 1), ""), val, IF(skater <> "", skater, goalie), IF(OR($E9="", AI$2="", val=""), "", val * AI$1) ) | AJ9: =LET( skater, IFERROR(INDEX(AllProj, MATCH($E9, AllProjNames, 0), MATCH(AJ$2, AllProjCats, 0) + 1), ""), goalie, IFERROR(INDEX(AllGProj, MATCH($E9, AllGProjNames, 0), MATCH(AJ$2, AllGProjCats, 0) + 1), ""), val, IF(skater <> "", skater, goalie), IF(OR($E9="", AJ$2="", val=""), "", val * AJ$1) ) | ... AP9: =LET( skater, IFERROR(INDEX(AllProj, MATCH($E9, AllProjNames, 0), MATCH(AP$2, AllProjCats, 0) + 1), ""), goalie, IFERROR(INDEX(AllGProj, MATCH($E9, AllGProjNames, 0), MATCH(AP$2, AllGProjCats, 0) + 1), ""), val, IF(skater <> "", skater, goalie), IF(OR($E9="", AP$2="", val=""), "", val * AP$1) ) | AQ9: 8480069
B10: FALSE | C10: =IF(D10="Undrafted",FALSE,True) -> TRUE | D10: Ryan | E10: Macklin Celebrini | F10: SJS | G10: C | H10: 7.1073895 | I10: 12.145456 | J10: C6 | K10: 20.3 | L10: 81.608235 | M10: 31 | N10: 7 | O10: 2.7604859 | P10: 2.5373475 | Q10: -1.4763048 | R10: -0.35073979 | S10: 2.1792333 | T10: -0.74115463 | U10: 3.018191 | V10: 1.7160573 | W10: -1.5742539 | X10: -0.96147248 | AC10: =LET( skater, IFERROR(INDEX(AllProj, MATCH($E10, AllProjNames, 0), MATCH(AC$2, AllProjCats, 0) + 1), ""), goalie, IFERROR(INDEX(AllGProj, MATCH($E10, AllGProjNames, 0), MATCH(AC$2, AllGProjCats, 0) + 1), ""), val, IF(skater <> "", skater, goalie), IF(OR($E10="", AC$2="", val=""), "", val * AC$1) ) | AD10: =LET( skater, IFERROR(INDEX(AllProj, MATCH($E10, AllProjNames, 0), MATCH(AD$2, AllProjCats, 0) + 1), ""), goalie, IFERROR(INDEX(AllGProj, MATCH($E10, AllGProjNames, 0), MATCH(AD$2, AllGProjCats, 0) + 1), ""), val, IF(skater <> "", skater, goalie), IF(OR($E10="", AD$2="", val=""), "", val * AD$1) ) | AE10: =LET( skater, IFERROR(INDEX(AllProj, MATCH($E10, AllProjNames, 0), MATCH(AE$2, AllProjCats, 0) + 1), ""), goalie, IFERROR(INDEX(AllGProj, MATCH($E10, AllGProjNames, 0), MATCH(AE$2, AllGProjCats, 0) + 1), ""), val, IF(skater <> "", skater, goalie), IF(OR($E10="", AE$2="", val=""), "", val * AE$1) ) | AF10: =LET( skater, IFERROR(INDEX(AllProj, MATCH($E10, AllProjNames, 0), MATCH(AF$2, AllProjCats, 0) + 1), ""), goalie, IFERROR(INDEX(AllGProj, MATCH($E10, AllGProjNames, 0), MATCH(AF$2, AllGProjCats, 0) + 1), ""), val, IF(skater <> "", skater, goalie), IF(OR($E10="", AF$2="", val=""), "", val * AF$1) ) | AG10: =LET( skater, IFERROR(INDEX(AllProj, MATCH($E10, AllProjNames, 0), MATCH(AG$2, AllProjCats, 0) + 1), ""), goalie, IFERROR(INDEX(AllGProj, MATCH($E10, AllGProjNames, 0), MATCH(AG$2, AllGProjCats, 0) + 1), ""), val, IF(skater <> "", skater, goalie), IF(OR($E10="", AG$2="", val=""), "", val * AG$1) ) | AH10: =LET( skater, IFERROR(INDEX(AllProj, MATCH($E10, AllProjNames, 0), MATCH(AH$2, AllProjCats, 0) + 1), ""), goalie, IFERROR(INDEX(AllGProj, MATCH($E10, AllGProjNames, 0), MATCH(AH$2, AllGProjCats, 0) + 1), ""), val, IF(skater <> "", skater, goalie), IF(OR($E10="", AH$2="", val=""), "", val * AH$1) ) | AI10: =LET( skater, IFERROR(INDEX(AllProj, MATCH($E10, AllProjNames, 0), MATCH(AI$2, AllProjCats, 0) + 1), ""), goalie, IFERROR(INDEX(AllGProj, MATCH($E10, AllGProjNames, 0), MATCH(AI$2, AllGProjCats, 0) + 1), ""), val, IF(skater <> "", skater, goalie), IF(OR($E10="", AI$2="", val=""), "", val * AI$1) ) | AJ10: =LET( skater, IFERROR(INDEX(AllProj, MATCH($E10, AllProjNames, 0), MATCH(AJ$2, AllProjCats, 0) + 1), ""), goalie, IFERROR(INDEX(AllGProj, MATCH($E10, AllGProjNames, 0), MATCH(AJ$2, AllGProjCats, 0) + 1), ""), val, IF(skater <> "", skater, goalie), IF(OR($E10="", AJ$2="", val=""), "", val * AJ$1) ) | ... AP10: =LET( skater, IFERROR(INDEX(AllProj, MATCH($E10, AllProjNames, 0), MATCH(AP$2, AllProjCats, 0) + 1), ""), goalie, IFERROR(INDEX(AllGProj, MATCH($E10, AllGProjNames, 0), MATCH(AP$2, AllGProjCats, 0) + 1), ""), val, IF(skater <> "", skater, goalie), IF(OR($E10="", AP$2="", val=""), "", val * AP$1) ) | AQ10: 8484801
B11: FALSE | C11: =IF(D11="Undrafted",FALSE,True) -> TRUE | D11: Rob/Orad | E11: Auston Matthews | F11: TOR | G11: C | H11: 6.7179937 | I11: 11.75606 | J11: C7 | K11: 29 | L11: 76.405147 | M11: 25 | N11: 7 | O11: 2.8161275 | P11: 0.63726058 | Q11: -0.047992146 | R11: -1.4931879 | S11: 1.1290326 | T11: -0.41617558 | U11: 3.1801249 | V11: 2.1966513 | W11: -1.4619676 | X11: 0.17812002 | AC11: =LET( skater, IFERROR(INDEX(AllProj, MATCH($E11, AllProjNames, 0), MATCH(AC$2, AllProjCats, 0) + 1), ""), goalie, IFERROR(INDEX(AllGProj, MATCH($E11, AllGProjNames, 0), MATCH(AC$2, AllGProjCats, 0) + 1), ""), val, IF(skater <> "", skater, goalie), IF(OR($E11="", AC$2="", val=""), "", val * AC$1) ) | AD11: =LET( skater, IFERROR(INDEX(AllProj, MATCH($E11, AllProjNames, 0), MATCH(AD$2, AllProjCats, 0) + 1), ""), goalie, IFERROR(INDEX(AllGProj, MATCH($E11, AllGProjNames, 0), MATCH(AD$2, AllGProjCats, 0) + 1), ""), val, IF(skater <> "", skater, goalie), IF(OR($E11="", AD$2="", val=""), "", val * AD$1) ) | AE11: =LET( skater, IFERROR(INDEX(AllProj, MATCH($E11, AllProjNames, 0), MATCH(AE$2, AllProjCats, 0) + 1), ""), goalie, IFERROR(INDEX(AllGProj, MATCH($E11, AllGProjNames, 0), MATCH(AE$2, AllGProjCats, 0) + 1), ""), val, IF(skater <> "", skater, goalie), IF(OR($E11="", AE$2="", val=""), "", val * AE$1) ) | AF11: =LET( skater, IFERROR(INDEX(AllProj, MATCH($E11, AllProjNames, 0), MATCH(AF$2, AllProjCats, 0) + 1), ""), goalie, IFERROR(INDEX(AllGProj, MATCH($E11, AllGProjNames, 0), MATCH(AF$2, AllGProjCats, 0) + 1), ""), val, IF(skater <> "", skater, goalie), IF(OR($E11="", AF$2="", val=""), "", val * AF$1) ) | AG11: =LET( skater, IFERROR(INDEX(AllProj, MATCH($E11, AllProjNames, 0), MATCH(AG$2, AllProjCats, 0) + 1), ""), goalie, IFERROR(INDEX(AllGProj, MATCH($E11, AllGProjNames, 0), MATCH(AG$2, AllGProjCats, 0) + 1), ""), val, IF(skater <> "", skater, goalie), IF(OR($E11="", AG$2="", val=""), "", val * AG$1) ) | AH11: =LET( skater, IFERROR(INDEX(AllProj, MATCH($E11, AllProjNames, 0), MATCH(AH$2, AllProjCats, 0) + 1), ""), goalie, IFERROR(INDEX(AllGProj, MATCH($E11, AllGProjNames, 0), MATCH(AH$2, AllGProjCats, 0) + 1), ""), val, IF(skater <> "", skater, goalie), IF(OR($E11="", AH$2="", val=""), "", val * AH$1) ) | AI11: =LET( skater, IFERROR(INDEX(AllProj, MATCH($E11, AllProjNames, 0), MATCH(AI$2, AllProjCats, 0) + 1), ""), goalie, IFERROR(INDEX(AllGProj, MATCH($E11, AllGProjNames, 0), MATCH(AI$2, AllGProjCats, 0) + 1), ""), val, IF(skater <> "", skater, goalie), IF(OR($E11="", AI$2="", val=""), "", val * AI$1) ) | AJ11: =LET( skater, IFERROR(INDEX(AllProj, MATCH($E11, AllProjNames, 0), MATCH(AJ$2, AllProjCats, 0) + 1), ""), goalie, IFERROR(INDEX(AllGProj, MATCH($E11, AllGProjNames, 0), MATCH(AJ$2, AllGProjCats, 0) + 1), ""), val, IF(skater <> "", skater, goalie), IF(OR($E11="", AJ$2="", val=""), "", val * AJ$1) ) | ... AP11: =LET( skater, IFERROR(INDEX(AllProj, MATCH($E11, AllProjNames, 0), MATCH(AP$2, AllProjCats, 0) + 1), ""), goalie, IFERROR(INDEX(AllGProj, MATCH($E11, AllGProjNames, 0), MATCH(AP$2, AllGProjCats, 0) + 1), ""), val, IF(skater <> "", skater, goalie), IF(OR($E11="", AP$2="", val=""), "", val * AP$1) ) | AQ11: 8479318
B12: FALSE | C12: =IF(D12="Undrafted",FALSE,True) -> TRUE | D12: Ilan | E12: Brandon Hagel | F12: TBL | G12: LW,RW | H12: 6.4670062 | I12: 11.909144 | J12: L3 R2 | K12: 28.1 | L12: 80.425441 | M12: 16 | N12: 6 | O12: 2.0021345 | P12: 1.1574303 | Q12: 3.1594205 | R12: 0.75726939 | S12: -0.071632211 | T12: 0.98323413 | U12: 1.3490961 | V12: 0 | W12: -1.5941079 | X12: -1.2758387 | AC12: =LET( skater, IFERROR(INDEX(AllProj, MATCH($E12, AllProjNames, 0), MATCH(AC$2, AllProjCats, 0) + 1), ""), goalie, IFERROR(INDEX(AllGProj, MATCH($E12, AllGProjNames, 0), MATCH(AC$2, AllGProjCats, 0) + 1), ""), val, IF(skater <> "", skater, goalie), IF(OR($E12="", AC$2="", val=""), "", val * AC$1) ) | AD12: =LET( skater, IFERROR(INDEX(AllProj, MATCH($E12, AllProjNames, 0), MATCH(AD$2, AllProjCats, 0) + 1), ""), goalie, IFERROR(INDEX(AllGProj, MATCH($E12, AllGProjNames, 0), MATCH(AD$2, AllGProjCats, 0) + 1), ""), val, IF(skater <> "", skater, goalie), IF(OR($E12="", AD$2="", val=""), "", val * AD$1) ) | AE12: =LET( skater, IFERROR(INDEX(AllProj, MATCH($E12, AllProjNames, 0), MATCH(AE$2, AllProjCats, 0) + 1), ""), goalie, IFERROR(INDEX(AllGProj, MATCH($E12, AllGProjNames, 0), MATCH(AE$2, AllGProjCats, 0) + 1), ""), val, IF(skater <> "", skater, goalie), IF(OR($E12="", AE$2="", val=""), "", val * AE$1) ) | AF12: =LET( skater, IFERROR(INDEX(AllProj, MATCH($E12, AllProjNames, 0), MATCH(AF$2, AllProjCats, 0) + 1), ""), goalie, IFERROR(INDEX(AllGProj, MATCH($E12, AllGProjNames, 0), MATCH(AF$2, AllGProjCats, 0) + 1), ""), val, IF(skater <> "", skater, goalie), IF(OR($E12="", AF$2="", val=""), "", val * AF$1) ) | AG12: =LET( skater, IFERROR(INDEX(AllProj, MATCH($E12, AllProjNames, 0), MATCH(AG$2, AllProjCats, 0) + 1), ""), goalie, IFERROR(INDEX(AllGProj, MATCH($E12, AllGProjNames, 0), MATCH(AG$2, AllGProjCats, 0) + 1), ""), val, IF(skater <> "", skater, goalie), IF(OR($E12="", AG$2="", val=""), "", val * AG$1) ) | AH12: =LET( skater, IFERROR(INDEX(AllProj, MATCH($E12, AllProjNames, 0), MATCH(AH$2, AllProjCats, 0) + 1), ""), goalie, IFERROR(INDEX(AllGProj, MATCH($E12, AllGProjNames, 0), MATCH(AH$2, AllGProjCats, 0) + 1), ""), val, IF(skater <> "", skater, goalie), IF(OR($E12="", AH$2="", val=""), "", val * AH$1) ) | AI12: =LET( skater, IFERROR(INDEX(AllProj, MATCH($E12, AllProjNames, 0), MATCH(AI$2, AllProjCats, 0) + 1), ""), goalie, IFERROR(INDEX(AllGProj, MATCH($E12, AllGProjNames, 0), MATCH(AI$2, AllGProjCats, 0) + 1), ""), val, IF(skater <> "", skater, goalie), IF(OR($E12="", AI$2="", val=""), "", val * AI$1) ) | AJ12: =LET( skater, IFERROR(INDEX(AllProj, MATCH($E12, AllProjNames, 0), MATCH(AJ$2, AllProjCats, 0) + 1), ""), goalie, IFERROR(INDEX(AllGProj, MATCH($E12, AllGProjNames, 0), MATCH(AJ$2, AllGProjCats, 0) + 1), ""), val, IF(skater <> "", skater, goalie), IF(OR($E12="", AJ$2="", val=""), "", val * AJ$1) ) | ... AP12: =LET( skater, IFERROR(INDEX(AllProj, MATCH($E12, AllProjNames, 0), MATCH(AP$2, AllProjCats, 0) + 1), ""), goalie, IFERROR(INDEX(AllGProj, MATCH($E12, AllGProjNames, 0), MATCH(AP$2, AllGProjCats, 0) + 1), ""), val, IF(skater <> "", skater, goalie), IF(OR($E12="", AP$2="", val=""), "", val * AP$1) ) | AQ12: 8479542
B13: FALSE | C13: =IF(D13="Undrafted",FALSE,True) -> TRUE | D13: Henry | E13: Logan Thompson | F13: WSH | G13: G | H13: 6.4556233 | I13: 10.793846 | J13: G1 | K13: 29.6 | L13: 56.4 | M13: 33 | N13: 8 | Y13: 1.874572 | Z13: 1.8637553 | AA13: 2.1818723 | AB13: 0.53542368 | AC13: =LET( skater, IFERROR(INDEX(AllProj, MATCH($E13, AllProjNames, 0), MATCH(AC$2, AllProjCats, 0) + 1), ""), goalie, IFERROR(INDEX(AllGProj, MATCH($E13, AllGProjNames, 0), MATCH(AC$2, AllGProjCats, 0) + 1), ""), val, IF(skater <> "", skater, goalie), IF(OR($E13="", AC$2="", val=""), "", val * AC$1) ) | AD13: =LET( skater, IFERROR(INDEX(AllProj, MATCH($E13, AllProjNames, 0), MATCH(AD$2, AllProjCats, 0) + 1), ""), goalie, IFERROR(INDEX(AllGProj, MATCH($E13, AllGProjNames, 0), MATCH(AD$2, AllGProjCats, 0) + 1), ""), val, IF(skater <> "", skater, goalie), IF(OR($E13="", AD$2="", val=""), "", val * AD$1) ) | AE13: =LET( skater, IFERROR(INDEX(AllProj, MATCH($E13, AllProjNames, 0), MATCH(AE$2, AllProjCats, 0) + 1), ""), goalie, IFERROR(INDEX(AllGProj, MATCH($E13, AllGProjNames, 0), MATCH(AE$2, AllGProjCats, 0) + 1), ""), val, IF(skater <> "", skater, goalie), IF(OR($E13="", AE$2="", val=""), "", val * AE$1) ) | AF13: =LET( skater, IFERROR(INDEX(AllProj, MATCH($E13, AllProjNames, 0), MATCH(AF$2, AllProjCats, 0) + 1), ""), goalie, IFERROR(INDEX(AllGProj, MATCH($E13, AllGProjNames, 0), MATCH(AF$2, AllGProjCats, 0) + 1), ""), val, IF(skater <> "", skater, goalie), IF(OR($E13="", AF$2="", val=""), "", val * AF$1) ) | AG13: =LET( skater, IFERROR(INDEX(AllProj, MATCH($E13, AllProjNames, 0), MATCH(AG$2, AllProjCats, 0) + 1), ""), goalie, IFERROR(INDEX(AllGProj, MATCH($E13, AllGProjNames, 0), MATCH(AG$2, AllGProjCats, 0) + 1), ""), val, IF(skater <> "", skater, goalie), IF(OR($E13="", AG$2="", val=""), "", val * AG$1) ) | AH13: =LET( skater, IFERROR(INDEX(AllProj, MATCH($E13, AllProjNames, 0), MATCH(AH$2, AllProjCats, 0) + 1), ""), goalie, IFERROR(INDEX(AllGProj, MATCH($E13, AllGProjNames, 0), MATCH(AH$2, AllGProjCats, 0) + 1), ""), val, IF(skater <> "", skater, goalie), IF(OR($E13="", AH$2="", val=""), "", val * AH$1) ) | AI13: =LET( skater, IFERROR(INDEX(AllProj, MATCH($E13, AllProjNames, 0), MATCH(AI$2, AllProjCats, 0) + 1), ""), goalie, IFERROR(INDEX(AllGProj, MATCH($E13, AllGProjNames, 0), MATCH(AI$2, AllGProjCats, 0) + 1), ""), val, IF(skater <> "", skater, goalie), IF(OR($E13="", AI$2="", val=""), "", val * AI$1) ) | AJ13: =LET( skater, IFERROR(INDEX(AllProj, MATCH($E13, AllProjNames, 0), MATCH(AJ$2, AllProjCats, 0) + 1), ""), goalie, IFERROR(INDEX(AllGProj, MATCH($E13, AllGProjNames, 0), MATCH(AJ$2, AllGProjCats, 0) + 1), ""), val, IF(skater <> "", skater, goalie), IF(OR($E13="", AJ$2="", val=""), "", val * AJ$1) ) | ... AP13: =LET( skater, IFERROR(INDEX(AllProj, MATCH($E13, AllProjNames, 0), MATCH(AP$2, AllProjCats, 0) + 1), ""), goalie, IFERROR(INDEX(AllGProj, MATCH($E13, AllGProjNames, 0), MATCH(AP$2, AllGProjCats, 0) + 1), ""), val, IF(skater <> "", skater, goalie), IF(OR($E13="", AP$2="", val=""), "", val * AP$1) ) | AQ13: 8480313
B14: FALSE | C14: =IF(D14="Undrafted",FALSE,True) -> TRUE | D14: Phil | E14: Evan Bouchard | F14: EDM | G14: D | H14: 6.4396189 | I14: 11.969478 | J14: D2 | K14: 26.9 | L14: 83.575882 | M14: 29 | N14: 6 | O14: -0.36955781 | P14: 2.7116391 | Q14: 2.8945979 | R14: -0.86857503 | S14: 2.0747706 | T14: -0.018413416 | U14: 1.333076 | V14: 0 | W14: -1.8084223 | X14: 0.4905038 | AC14: =LET( skater, IFERROR(INDEX(AllProj, MATCH($E14, AllProjNames, 0), MATCH(AC$2, AllProjCats, 0) + 1), ""), goalie, IFERROR(INDEX(AllGProj, MATCH($E14, AllGProjNames, 0), MATCH(AC$2, AllGProjCats, 0) + 1), ""), val, IF(skater <> "", skater, goalie), IF(OR($E14="", AC$2="", val=""), "", val * AC$1) ) | AD14: =LET( skater, IFERROR(INDEX(AllProj, MATCH($E14, AllProjNames, 0), MATCH(AD$2, AllProjCats, 0) + 1), ""), goalie, IFERROR(INDEX(AllGProj, MATCH($E14, AllGProjNames, 0), MATCH(AD$2, AllGProjCats, 0) + 1), ""), val, IF(skater <> "", skater, goalie), IF(OR($E14="", AD$2="", val=""), "", val * AD$1) ) | AE14: =LET( skater, IFERROR(INDEX(AllProj, MATCH($E14, AllProjNames, 0), MATCH(AE$2, AllProjCats, 0) + 1), ""), goalie, IFERROR(INDEX(AllGProj, MATCH($E14, AllGProjNames, 0), MATCH(AE$2, AllGProjCats, 0) + 1), ""), val, IF(skater <> "", skater, goalie), IF(OR($E14="", AE$2="", val=""), "", val * AE$1) ) | AF14: =LET( skater, IFERROR(INDEX(AllProj, MATCH($E14, AllProjNames, 0), MATCH(AF$2, AllProjCats, 0) + 1), ""), goalie, IFERROR(INDEX(AllGProj, MATCH($E14, AllGProjNames, 0), MATCH(AF$2, AllGProjCats, 0) + 1), ""), val, IF(skater <> "", skater, goalie), IF(OR($E14="", AF$2="", val=""), "", val * AF$1) ) | AG14: =LET( skater, IFERROR(INDEX(AllProj, MATCH($E14, AllProjNames, 0), MATCH(AG$2, AllProjCats, 0) + 1), ""), goalie, IFERROR(INDEX(AllGProj, MATCH($E14, AllGProjNames, 0), MATCH(AG$2, AllGProjCats, 0) + 1), ""), val, IF(skater <> "", skater, goalie), IF(OR($E14="", AG$2="", val=""), "", val * AG$1) ) | AH14: =LET( skater, IFERROR(INDEX(AllProj, MATCH($E14, AllProjNames, 0), MATCH(AH$2, AllProjCats, 0) + 1), ""), goalie, IFERROR(INDEX(AllGProj, MATCH($E14, AllGProjNames, 0), MATCH(AH$2, AllGProjCats, 0) + 1), ""), val, IF(skater <> "", skater, goalie), IF(OR($E14="", AH$2="", val=""), "", val * AH$1) ) | AI14: =LET( skater, IFERROR(INDEX(AllProj, MATCH($E14, AllProjNames, 0), MATCH(AI$2, AllProjCats, 0) + 1), ""), goalie, IFERROR(INDEX(AllGProj, MATCH($E14, AllGProjNames, 0), MATCH(AI$2, AllGProjCats, 0) + 1), ""), val, IF(skater <> "", skater, goalie), IF(OR($E14="", AI$2="", val=""), "", val * AI$1) ) | AJ14: =LET( skater, IFERROR(INDEX(AllProj, MATCH($E14, AllProjNames, 0), MATCH(AJ$2, AllProjCats, 0) + 1), ""), goalie, IFERROR(INDEX(AllGProj, MATCH($E14, AllGProjNames, 0), MATCH(AJ$2, AllGProjCats, 0) + 1), ""), val, IF(skater <> "", skater, goalie), IF(OR($E14="", AJ$2="", val=""), "", val * AJ$1) ) | ... AP14: =LET( skater, IFERROR(INDEX(AllProj, MATCH($E14, AllProjNames, 0), MATCH(AP$2, AllProjCats, 0) + 1), ""), goalie, IFERROR(INDEX(AllGProj, MATCH($E14, AllGProjNames, 0), MATCH(AP$2, AllGProjCats, 0) + 1), ""), val, IF(skater <> "", skater, goalie), IF(OR($E14="", AP$2="", val=""), "", val * AP$1) ) | AQ14: 8480803
B15: FALSE | C15: =IF(D15="Undrafted",FALSE,True) -> TRUE | D15: Phil | E15: Nick Suzuki | F15: MTL | G15: C | H15: 6.2914482 | I15: 11.329514 | J15: C8 | K15: 27.1 | L15: 83.77 | M15: 29 | N15: 7 | O15: 1.2120768 | P15: 2.2944698 | Q15: 1.5247424 | R15: -1.4698802 | S15: 2.4017431 | T15: -0.1527966 | U15: 0.41134366 | V15: 2.1663571 | W15: -1.3132599 | X15: -0.78334795 | AC15: =LET( skater, IFERROR(INDEX(AllProj, MATCH($E15, AllProjNames, 0), MATCH(AC$2, AllProjCats, 0) + 1), ""), goalie, IFERROR(INDEX(AllGProj, MATCH($E15, AllGProjNames, 0), MATCH(AC$2, AllGProjCats, 0) + 1), ""), val, IF(skater <> "", skater, goalie), IF(OR($E15="", AC$2="", val=""), "", val * AC$1) ) | AD15: =LET( skater, IFERROR(INDEX(AllProj, MATCH($E15, AllProjNames, 0), MATCH(AD$2, AllProjCats, 0) + 1), ""), goalie, IFERROR(INDEX(AllGProj, MATCH($E15, AllGProjNames, 0), MATCH(AD$2, AllGProjCats, 0) + 1), ""), val, IF(skater <> "", skater, goalie), IF(OR($E15="", AD$2="", val=""), "", val * AD$1) ) | AE15: =LET( skater, IFERROR(INDEX(AllProj, MATCH($E15, AllProjNames, 0), MATCH(AE$2, AllProjCats, 0) + 1), ""), goalie, IFERROR(INDEX(AllGProj, MATCH($E15, AllGProjNames, 0), MATCH(AE$2, AllGProjCats, 0) + 1), ""), val, IF(skater <> "", skater, goalie), IF(OR($E15="", AE$2="", val=""), "", val * AE$1) ) | AF15: =LET( skater, IFERROR(INDEX(AllProj, MATCH($E15, AllProjNames, 0), MATCH(AF$2, AllProjCats, 0) + 1), ""), goalie, IFERROR(INDEX(AllGProj, MATCH($E15, AllGProjNames, 0), MATCH(AF$2, AllGProjCats, 0) + 1), ""), val, IF(skater <> "", skater, goalie), IF(OR($E15="", AF$2="", val=""), "", val * AF$1) ) | AG15: =LET( skater, IFERROR(INDEX(AllProj, MATCH($E15, AllProjNames, 0), MATCH(AG$2, AllProjCats, 0) + 1), ""), goalie, IFERROR(INDEX(AllGProj, MATCH($E15, AllGProjNames, 0), MATCH(AG$2, AllGProjCats, 0) + 1), ""), val, IF(skater <> "", skater, goalie), IF(OR($E15="", AG$2="", val=""), "", val * AG$1) ) | AH15: =LET( skater, IFERROR(INDEX(AllProj, MATCH($E15, AllProjNames, 0), MATCH(AH$2, AllProjCats, 0) + 1), ""), goalie, IFERROR(INDEX(AllGProj, MATCH($E15, AllGProjNames, 0), MATCH(AH$2, AllGProjCats, 0) + 1), ""), val, IF(skater <> "", skater, goalie), IF(OR($E15="", AH$2="", val=""), "", val * AH$1) ) | AI15: =LET( skater, IFERROR(INDEX(AllProj, MATCH($E15, AllProjNames, 0), MATCH(AI$2, AllProjCats, 0) + 1), ""), goalie, IFERROR(INDEX(AllGProj, MATCH($E15, AllGProjNames, 0), MATCH(AI$2, AllGProjCats, 0) + 1), ""), val, IF(skater <> "", skater, goalie), IF(OR($E15="", AI$2="", val=""), "", val * AI$1) ) | AJ15: =LET( skater, IFERROR(INDEX(AllProj, MATCH($E15, AllProjNames, 0), MATCH(AJ$2, AllProjCats, 0) + 1), ""), goalie, IFERROR(INDEX(AllGProj, MATCH($E15, AllGProjNames, 0), MATCH(AJ$2, AllGProjCats, 0) + 1), ""), val, IF(skater <> "", skater, goalie), IF(OR($E15="", AJ$2="", val=""), "", val * AJ$1) ) | ... AP15: =LET( skater, IFERROR(INDEX(AllProj, MATCH($E15, AllProjNames, 0), MATCH(AP$2, AllProjCats, 0) + 1), ""), goalie, IFERROR(INDEX(AllGProj, MATCH($E15, AllGProjNames, 0), MATCH(AP$2, AllGProjCats, 0) + 1), ""), val, IF(skater <> "", skater, goalie), IF(OR($E15="", AP$2="", val=""), "", val * AP$1) ) | AQ15: 8480018
B16: FALSE | C16: =IF(D16="Undrafted",FALSE,True) -> TRUE | D16: Ryan | E16: Sebastian Aho | F16: CAR | G16: C | H16: 6.1994757 | I16: 11.237542 | J16: C9 | K16: 29.1 | L16: 81.179706 | M16: 23 | N16: 7 | O16: 1.1673638 | P16: 1.395838 | Q16: 1.0907936 | R16: -0.26209698 | S16: 1.3562782 | T16: 2.2268953 | U16: 0.8419865 | V16: 1.7068545 | W16: -1.4046397 | X16: -1.9197975 | AC16: =LET( skater, IFERROR(INDEX(AllProj, MATCH($E16, AllProjNames, 0), MATCH(AC$2, AllProjCats, 0) + 1), ""), goalie, IFERROR(INDEX(AllGProj, MATCH($E16, AllGProjNames, 0), MATCH(AC$2, AllGProjCats, 0) + 1), ""), val, IF(skater <> "", skater, goalie), IF(OR($E16="", AC$2="", val=""), "", val * AC$1) ) | AD16: =LET( skater, IFERROR(INDEX(AllProj, MATCH($E16, AllProjNames, 0), MATCH(AD$2, AllProjCats, 0) + 1), ""), goalie, IFERROR(INDEX(AllGProj, MATCH($E16, AllGProjNames, 0), MATCH(AD$2, AllGProjCats, 0) + 1), ""), val, IF(skater <> "", skater, goalie), IF(OR($E16="", AD$2="", val=""), "", val * AD$1) ) | AE16: =LET( skater, IFERROR(INDEX(AllProj, MATCH($E16, AllProjNames, 0), MATCH(AE$2, AllProjCats, 0) + 1), ""), goalie, IFERROR(INDEX(AllGProj, MATCH($E16, AllGProjNames, 0), MATCH(AE$2, AllGProjCats, 0) + 1), ""), val, IF(skater <> "", skater, goalie), IF(OR($E16="", AE$2="", val=""), "", val * AE$1) ) | AF16: =LET( skater, IFERROR(INDEX(AllProj, MATCH($E16, AllProjNames, 0), MATCH(AF$2, AllProjCats, 0) + 1), ""), goalie, IFERROR(INDEX(AllGProj, MATCH($E16, AllGProjNames, 0), MATCH(AF$2, AllGProjCats, 0) + 1), ""), val, IF(skater <> "", skater, goalie), IF(OR($E16="", AF$2="", val=""), "", val * AF$1) ) | AG16: =LET( skater, IFERROR(INDEX(AllProj, MATCH($E16, AllProjNames, 0), MATCH(AG$2, AllProjCats, 0) + 1), ""), goalie, IFERROR(INDEX(AllGProj, MATCH($E16, AllGProjNames, 0), MATCH(AG$2, AllGProjCats, 0) + 1), ""), val, IF(skater <> "", skater, goalie), IF(OR($E16="", AG$2="", val=""), "", val * AG$1) ) | AH16: =LET( skater, IFERROR(INDEX(AllProj, MATCH($E16, AllProjNames, 0), MATCH(AH$2, AllProjCats, 0) + 1), ""), goalie, IFERROR(INDEX(AllGProj, MATCH($E16, AllGProjNames, 0), MATCH(AH$2, AllGProjCats, 0) + 1), ""), val, IF(skater <> "", skater, goalie), IF(OR($E16="", AH$2="", val=""), "", val * AH$1) ) | AI16: =LET( skater, IFERROR(INDEX(AllProj, MATCH($E16, AllProjNames, 0), MATCH(AI$2, AllProjCats, 0) + 1), ""), goalie, IFERROR(INDEX(AllGProj, MATCH($E16, AllGProjNames, 0), MATCH(AI$2, AllGProjCats, 0) + 1), ""), val, IF(skater <> "", skater, goalie), IF(OR($E16="", AI$2="", val=""), "", val * AI$1) ) | AJ16: =LET( skater, IFERROR(INDEX(AllProj, MATCH($E16, AllProjNames, 0), MATCH(AJ$2, AllProjCats, 0) + 1), ""), goalie, IFERROR(INDEX(AllGProj, MATCH($E16, AllGProjNames, 0), MATCH(AJ$2, AllGProjCats, 0) + 1), ""), val, IF(skater <> "", skater, goalie), IF(OR($E16="", AJ$2="", val=""), "", val * AJ$1) ) | ... AP16: =LET( skater, IFERROR(INDEX(AllProj, MATCH($E16, AllProjNames, 0), MATCH(AP$2, AllProjCats, 0) + 1), ""), goalie, IFERROR(INDEX(AllGProj, MATCH($E16, AllGProjNames, 0), MATCH(AP$2, AllGProjCats, 0) + 1), ""), val, IF(skater <> "", skater, goalie), IF(OR($E16="", AP$2="", val=""), "", val * AP$1) ) | AQ16: 8478427
B17: FALSE | C17: =IF(D17="Undrafted",FALSE,True) -> TRUE | D17: Lev | E17: Andrei Vasilevskiy | F17: TBL | G17: G | H17: 6.1513076 | I17: 10.489531 | J17: G2 | K17: 32.1 | L17: 58.4 | M17: 16 | N17: 6 | Y17: 2.2637251 | Z17: 1.8928732 | AA17: 1.4649498 | AB17: 0.52975947 | AC17: =LET( skater, IFERROR(INDEX(AllProj, MATCH($E17, AllProjNames, 0), MATCH(AC$2, AllProjCats, 0) + 1), ""), goalie, IFERROR(INDEX(AllGProj, MATCH($E17, AllGProjNames, 0), MATCH(AC$2, AllGProjCats, 0) + 1), ""), val, IF(skater <> "", skater, goalie), IF(OR($E17="", AC$2="", val=""), "", val * AC$1) ) | AD17: =LET( skater, IFERROR(INDEX(AllProj, MATCH($E17, AllProjNames, 0), MATCH(AD$2, AllProjCats, 0) + 1), ""), goalie, IFERROR(INDEX(AllGProj, MATCH($E17, AllGProjNames, 0), MATCH(AD$2, AllGProjCats, 0) + 1), ""), val, IF(skater <> "", skater, goalie), IF(OR($E17="", AD$2="", val=""), "", val * AD$1) ) | AE17: =LET( skater, IFERROR(INDEX(AllProj, MATCH($E17, AllProjNames, 0), MATCH(AE$2, AllProjCats, 0) + 1), ""), goalie, IFERROR(INDEX(AllGProj, MATCH($E17, AllGProjNames, 0), MATCH(AE$2, AllGProjCats, 0) + 1), ""), val, IF(skater <> "", skater, goalie), IF(OR($E17="", AE$2="", val=""), "", val * AE$1) ) | AF17: =LET( skater, IFERROR(INDEX(AllProj, MATCH($E17, AllProjNames, 0), MATCH(AF$2, AllProjCats, 0) + 1), ""), goalie, IFERROR(INDEX(AllGProj, MATCH($E17, AllGProjNames, 0), MATCH(AF$2, AllGProjCats, 0) + 1), ""), val, IF(skater <> "", skater, goalie), IF(OR($E17="", AF$2="", val=""), "", val * AF$1) ) | AG17: =LET( skater, IFERROR(INDEX(AllProj, MATCH($E17, AllProjNames, 0), MATCH(AG$2, AllProjCats, 0) + 1), ""), goalie, IFERROR(INDEX(AllGProj, MATCH($E17, AllGProjNames, 0), MATCH(AG$2, AllGProjCats, 0) + 1), ""), val, IF(skater <> "", skater, goalie), IF(OR($E17="", AG$2="", val=""), "", val * AG$1) ) | AH17: =LET( skater, IFERROR(INDEX(AllProj, MATCH($E17, AllProjNames, 0), MATCH(AH$2, AllProjCats, 0) + 1), ""), goalie, IFERROR(INDEX(AllGProj, MATCH($E17, AllGProjNames, 0), MATCH(AH$2, AllGProjCats, 0) + 1), ""), val, IF(skater <> "", skater, goalie), IF(OR($E17="", AH$2="", val=""), "", val * AH$1) ) | AI17: =LET( skater, IFERROR(INDEX(AllProj, MATCH($E17, AllProjNames, 0), MATCH(AI$2, AllProjCats, 0) + 1), ""), goalie, IFERROR(INDEX(AllGProj, MATCH($E17, AllGProjNames, 0), MATCH(AI$2, AllGProjCats, 0) + 1), ""), val, IF(skater <> "", skater, goalie), IF(OR($E17="", AI$2="", val=""), "", val * AI$1) ) | AJ17: =LET( skater, IFERROR(INDEX(AllProj, MATCH($E17, AllProjNames, 0), MATCH(AJ$2, AllProjCats, 0) + 1), ""), goalie, IFERROR(INDEX(AllGProj, MATCH($E17, AllGProjNames, 0), MATCH(AJ$2, AllGProjCats, 0) + 1), ""), val, IF(skater <> "", skater, goalie), IF(OR($E17="", AJ$2="", val=""), "", val * AJ$1) ) | ... AP17: =LET( skater, IFERROR(INDEX(AllProj, MATCH($E17, AllProjNames, 0), MATCH(AP$2, AllProjCats, 0) + 1), ""), goalie, IFERROR(INDEX(AllGProj, MATCH($E17, AllGProjNames, 0), MATCH(AP$2, AllGProjCats, 0) + 1), ""), val, IF(skater <> "", skater, goalie), IF(OR($E17="", AP$2="", val=""), "", val * AP$1) ) | AQ17: 8476883
B18: FALSE | C18: =IF(D18="Undrafted",FALSE,True) -> TRUE | D18: Henry | E18: Tom Wilson | F18: WSH | G18: RW | H18: 6.0307528 | I18: 11.47289 | J18: R3 | K18: 32.5 | L18: 79.350147 | M18: 33 | N18: 8 | O18: 0.89979084 | P18: -0.13031455 | Q18: 0.35703918 | R18: 3.5109635 | S18: -0.10904606 | T18: 0.65690506 | U18: 0.019376793 | V18: 0 | W18: 1.5292631 | X18: -0.70322505 | AC18: =LET( skater, IFERROR(INDEX(AllProj, MATCH($E18, AllProjNames, 0), MATCH(AC$2, AllProjCats, 0) + 1), ""), goalie, IFERROR(INDEX(AllGProj, MATCH($E18, AllGProjNames, 0), MATCH(AC$2, AllGProjCats, 0) + 1), ""), val, IF(skater <> "", skater, goalie), IF(OR($E18="", AC$2="", val=""), "", val * AC$1) ) | AD18: =LET( skater, IFERROR(INDEX(AllProj, MATCH($E18, AllProjNames, 0), MATCH(AD$2, AllProjCats, 0) + 1), ""), goalie, IFERROR(INDEX(AllGProj, MATCH($E18, AllGProjNames, 0), MATCH(AD$2, AllGProjCats, 0) + 1), ""), val, IF(skater <> "", skater, goalie), IF(OR($E18="", AD$2="", val=""), "", val * AD$1) ) | AE18: =LET( skater, IFERROR(INDEX(AllProj, MATCH($E18, AllProjNames, 0), MATCH(AE$2, AllProjCats, 0) + 1), ""), goalie, IFERROR(INDEX(AllGProj, MATCH($E18, AllGProjNames, 0), MATCH(AE$2, AllGProjCats, 0) + 1), ""), val, IF(skater <> "", skater, goalie), IF(OR($E18="", AE$2="", val=""), "", val * AE$1) ) | AF18: =LET( skater, IFERROR(INDEX(AllProj, MATCH($E18, AllProjNames, 0), MATCH(AF$2, AllProjCats, 0) + 1), ""), goalie, IFERROR(INDEX(AllGProj, MATCH($E18, AllGProjNames, 0), MATCH(AF$2, AllGProjCats, 0) + 1), ""), val, IF(skater <> "", skater, goalie), IF(OR($E18="", AF$2="", val=""), "", val * AF$1) ) | AG18: =LET( skater, IFERROR(INDEX(AllProj, MATCH($E18, AllProjNames, 0), MATCH(AG$2, AllProjCats, 0) + 1), ""), goalie, IFERROR(INDEX(AllGProj, MATCH($E18, AllGProjNames, 0), MATCH(AG$2, AllGProjCats, 0) + 1), ""), val, IF(skater <> "", skater, goalie), IF(OR($E18="", AG$2="", val=""), "", val * AG$1) ) | AH18: =LET( skater, IFERROR(INDEX(AllProj, MATCH($E18, AllProjNames, 0), MATCH(AH$2, AllProjCats, 0) + 1), ""), goalie, IFERROR(INDEX(AllGProj, MATCH($E18, AllGProjNames, 0), MATCH(AH$2, AllGProjCats, 0) + 1), ""), val, IF(skater <> "", skater, goalie), IF(OR($E18="", AH$2="", val=""), "", val * AH$1) ) | AI18: =LET( skater, IFERROR(INDEX(AllProj, MATCH($E18, AllProjNames, 0), MATCH(AI$2, AllProjCats, 0) + 1), ""), goalie, IFERROR(INDEX(AllGProj, MATCH($E18, AllGProjNames, 0), MATCH(AI$2, AllGProjCats, 0) + 1), ""), val, IF(skater <> "", skater, goalie), IF(OR($E18="", AI$2="", val=""), "", val * AI$1) ) | AJ18: =LET( skater, IFERROR(INDEX(AllProj, MATCH($E18, AllProjNames, 0), MATCH(AJ$2, AllProjCats, 0) + 1), ""), goalie, IFERROR(INDEX(AllGProj, MATCH($E18, AllGProjNames, 0), MATCH(AJ$2, AllGProjCats, 0) + 1), ""), val, IF(skater <> "", skater, goalie), IF(OR($E18="", AJ$2="", val=""), "", val * AJ$1) ) | ... AP18: =LET( skater, IFERROR(INDEX(AllProj, MATCH($E18, AllProjNames, 0), MATCH(AP$2, AllProjCats, 0) + 1), ""), goalie, IFERROR(INDEX(AllGProj, MATCH($E18, AllGProjNames, 0), MATCH(AP$2, AllGProjCats, 0) + 1), ""), val, IF(skater <> "", skater, goalie), IF(OR($E18="", AP$2="", val=""), "", val * AP$1) ) | AQ18: 8476880
B19: FALSE | C19: =IF(D19="Undrafted",FALSE,True) -> TRUE | D19: Jeremy | E19: David Pastrnak | F19: BOS | G19: RW | H19: 5.5889329 | I19: 11.031071 | J19: R4 | K19: 30.3 | L19: 81.848676 | M19: 23 | N19: 6 | O19: 2.0272755 | P19: 2.6135822 | Q19: -0.58001882 | R19: 0.30901694 | S19: 1.9016144 | T19: -0.78112654 | U19: 3.0358031 | V19: 0 | W19: -1.0967533 | X19: -1.8404606 | AC19: =LET( skater, IFERROR(INDEX(AllProj, MATCH($E19, AllProjNames, 0), MATCH(AC$2, AllProjCats, 0) + 1), ""), goalie, IFERROR(INDEX(AllGProj, MATCH($E19, AllGProjNames, 0), MATCH(AC$2, AllGProjCats, 0) + 1), ""), val, IF(skater <> "", skater, goalie), IF(OR($E19="", AC$2="", val=""), "", val * AC$1) ) | AD19: =LET( skater, IFERROR(INDEX(AllProj, MATCH($E19, AllProjNames, 0), MATCH(AD$2, AllProjCats, 0) + 1), ""), goalie, IFERROR(INDEX(AllGProj, MATCH($E19, AllGProjNames, 0), MATCH(AD$2, AllGProjCats, 0) + 1), ""), val, IF(skater <> "", skater, goalie), IF(OR($E19="", AD$2="", val=""), "", val * AD$1) ) | AE19: =LET( skater, IFERROR(INDEX(AllProj, MATCH($E19, AllProjNames, 0), MATCH(AE$2, AllProjCats, 0) + 1), ""), goalie, IFERROR(INDEX(AllGProj, MATCH($E19, AllGProjNames, 0), MATCH(AE$2, AllGProjCats, 0) + 1), ""), val, IF(skater <> "", skater, goalie), IF(OR($E19="", AE$2="", val=""), "", val * AE$1) ) | AF19: =LET( skater, IFERROR(INDEX(AllProj, MATCH($E19, AllProjNames, 0), MATCH(AF$2, AllProjCats, 0) + 1), ""), goalie, IFERROR(INDEX(AllGProj, MATCH($E19, AllGProjNames, 0), MATCH(AF$2, AllGProjCats, 0) + 1), ""), val, IF(skater <> "", skater, goalie), IF(OR($E19="", AF$2="", val=""), "", val * AF$1) ) | AG19: =LET( skater, IFERROR(INDEX(AllProj, MATCH($E19, AllProjNames, 0), MATCH(AG$2, AllProjCats, 0) + 1), ""), goalie, IFERROR(INDEX(AllGProj, MATCH($E19, AllGProjNames, 0), MATCH(AG$2, AllGProjCats, 0) + 1), ""), val, IF(skater <> "", skater, goalie), IF(OR($E19="", AG$2="", val=""), "", val * AG$1) ) | AH19: =LET( skater, IFERROR(INDEX(AllProj, MATCH($E19, AllProjNames, 0), MATCH(AH$2, AllProjCats, 0) + 1), ""), goalie, IFERROR(INDEX(AllGProj, MATCH($E19, AllGProjNames, 0), MATCH(AH$2, AllGProjCats, 0) + 1), ""), val, IF(skater <> "", skater, goalie), IF(OR($E19="", AH$2="", val=""), "", val * AH$1) ) | AI19: =LET( skater, IFERROR(INDEX(AllProj, MATCH($E19, AllProjNames, 0), MATCH(AI$2, AllProjCats, 0) + 1), ""), goalie, IFERROR(INDEX(AllGProj, MATCH($E19, AllGProjNames, 0), MATCH(AI$2, AllGProjCats, 0) + 1), ""), val, IF(skater <> "", skater, goalie), IF(OR($E19="", AI$2="", val=""), "", val * AI$1) ) | AJ19: =LET( skater, IFERROR(INDEX(AllProj, MATCH($E19, AllProjNames, 0), MATCH(AJ$2, AllProjCats, 0) + 1), ""), goalie, IFERROR(INDEX(AllGProj, MATCH($E19, AllGProjNames, 0), MATCH(AJ$2, AllGProjCats, 0) + 1), ""), val, IF(skater <> "", skater, goalie), IF(OR($E19="", AJ$2="", val=""), "", val * AJ$1) ) | ... AP19: =LET( skater, IFERROR(INDEX(AllProj, MATCH($E19, AllProjNames, 0), MATCH(AP$2, AllProjCats, 0) + 1), ""), goalie, IFERROR(INDEX(AllGProj, MATCH($E19, AllGProjNames, 0), MATCH(AP$2, AllGProjCats, 0) + 1), ""), val, IF(skater <> "", skater, goalie), IF(OR($E19="", AP$2="", val=""), "", val * AP$1) ) | AQ19: 8477956
B20: FALSE | C20: =IF(D20="Undrafted",FALSE,True) -> TRUE | D20: Rob/Orad | E20: Matt Boldy | F20: MIN | G20: LW,RW | H20: 5.4832014 | I20: 10.925339 | J20: L4 R5 | K20: 25.4 | L20: 81.752647 | M20: 24 | N20: 7 | O20: 2.141289 | P20: 1.1200099 | Q20: 0.41996693 | R20: -0.36865007 | S20: 1.6873594 | T20: 0.49836772 | U20: 2.2738525 | V20: 0 | W20: -1.4319355 | X20: -0.85705848 | AC20: =LET( skater, IFERROR(INDEX(AllProj, MATCH($E20, AllProjNames, 0), MATCH(AC$2, AllProjCats, 0) + 1), ""), goalie, IFERROR(INDEX(AllGProj, MATCH($E20, AllGProjNames, 0), MATCH(AC$2, AllGProjCats, 0) + 1), ""), val, IF(skater <> "", skater, goalie), IF(OR($E20="", AC$2="", val=""), "", val * AC$1) ) | AD20: =LET( skater, IFERROR(INDEX(AllProj, MATCH($E20, AllProjNames, 0), MATCH(AD$2, AllProjCats, 0) + 1), ""), goalie, IFERROR(INDEX(AllGProj, MATCH($E20, AllGProjNames, 0), MATCH(AD$2, AllGProjCats, 0) + 1), ""), val, IF(skater <> "", skater, goalie), IF(OR($E20="", AD$2="", val=""), "", val * AD$1) ) | AE20: =LET( skater, IFERROR(INDEX(AllProj, MATCH($E20, AllProjNames, 0), MATCH(AE$2, AllProjCats, 0) + 1), ""), goalie, IFERROR(INDEX(AllGProj, MATCH($E20, AllGProjNames, 0), MATCH(AE$2, AllGProjCats, 0) + 1), ""), val, IF(skater <> "", skater, goalie), IF(OR($E20="", AE$2="", val=""), "", val * AE$1) ) | AF20: =LET( skater, IFERROR(INDEX(AllProj, MATCH($E20, AllProjNames, 0), MATCH(AF$2, AllProjCats, 0) + 1), ""), goalie, IFERROR(INDEX(AllGProj, MATCH($E20, AllGProjNames, 0), MATCH(AF$2, AllGProjCats, 0) + 1), ""), val, IF(skater <> "", skater, goalie), IF(OR($E20="", AF$2="", val=""), "", val * AF$1) ) | AG20: =LET( skater, IFERROR(INDEX(AllProj, MATCH($E20, AllProjNames, 0), MATCH(AG$2, AllProjCats, 0) + 1), ""), goalie, IFERROR(INDEX(AllGProj, MATCH($E20, AllGProjNames, 0), MATCH(AG$2, AllGProjCats, 0) + 1), ""), val, IF(skater <> "", skater, goalie), IF(OR($E20="", AG$2="", val=""), "", val * AG$1) ) | AH20: =LET( skater, IFERROR(INDEX(AllProj, MATCH($E20, AllProjNames, 0), MATCH(AH$2, AllProjCats, 0) + 1), ""), goalie, IFERROR(INDEX(AllGProj, MATCH($E20, AllGProjNames, 0), MATCH(AH$2, AllGProjCats, 0) + 1), ""), val, IF(skater <> "", skater, goalie), IF(OR($E20="", AH$2="", val=""), "", val * AH$1) ) | AI20: =LET( skater, IFERROR(INDEX(AllProj, MATCH($E20, AllProjNames, 0), MATCH(AI$2, AllProjCats, 0) + 1), ""), goalie, IFERROR(INDEX(AllGProj, MATCH($E20, AllGProjNames, 0), MATCH(AI$2, AllGProjCats, 0) + 1), ""), val, IF(skater <> "", skater, goalie), IF(OR($E20="", AI$2="", val=""), "", val * AI$1) ) | AJ20: =LET( skater, IFERROR(INDEX(AllProj, MATCH($E20, AllProjNames, 0), MATCH(AJ$2, AllProjCats, 0) + 1), ""), goalie, IFERROR(INDEX(AllGProj, MATCH($E20, AllGProjNames, 0), MATCH(AJ$2, AllGProjCats, 0) + 1), ""), val, IF(skater <> "", skater, goalie), IF(OR($E20="", AJ$2="", val=""), "", val * AJ$1) ) | ... AP20: =LET( skater, IFERROR(INDEX(AllProj, MATCH($E20, AllProjNames, 0), MATCH(AP$2, AllProjCats, 0) + 1), ""), goalie, IFERROR(INDEX(AllGProj, MATCH($E20, AllGProjNames, 0), MATCH(AP$2, AllGProjCats, 0) + 1), ""), val, IF(skater <> "", skater, goalie), IF(OR($E20="", AP$2="", val=""), "", val * AP$1) ) | AQ20: 8481557
B21: FALSE | C21: =IF(D21="Undrafted",FALSE,True) -> TRUE | D21: Lev | E21: Aleksander Barkov | F21: FLA | G21: C | H21: 5.4600027 | I21: 10.498069 | J21: C10 | K21: 31 | L21: 76.612353 | M21: 29 | N21: 7 | O21: 0.27622767 | P21: 2.0046 | Q21: 1.4298323 | R21: -1.5662079 | S21: 1.7573102 | T21: 1.0584345 | U21: 0.34727363 | V21: 1.8915002 | W21: -0.78476732 | X21: -0.95420063 | AC21: =LET( skater, IFERROR(INDEX(AllProj, MATCH($E21, AllProjNames, 0), MATCH(AC$2, AllProjCats, 0) + 1), ""), goalie, IFERROR(INDEX(AllGProj, MATCH($E21, AllGProjNames, 0), MATCH(AC$2, AllGProjCats, 0) + 1), ""), val, IF(skater <> "", skater, goalie), IF(OR($E21="", AC$2="", val=""), "", val * AC$1) ) | AD21: =LET( skater, IFERROR(INDEX(AllProj, MATCH($E21, AllProjNames, 0), MATCH(AD$2, AllProjCats, 0) + 1), ""), goalie, IFERROR(INDEX(AllGProj, MATCH($E21, AllGProjNames, 0), MATCH(AD$2, AllGProjCats, 0) + 1), ""), val, IF(skater <> "", skater, goalie), IF(OR($E21="", AD$2="", val=""), "", val * AD$1) ) | AE21: =LET( skater, IFERROR(INDEX(AllProj, MATCH($E21, AllProjNames, 0), MATCH(AE$2, AllProjCats, 0) + 1), ""), goalie, IFERROR(INDEX(AllGProj, MATCH($E21, AllGProjNames, 0), MATCH(AE$2, AllGProjCats, 0) + 1), ""), val, IF(skater <> "", skater, goalie), IF(OR($E21="", AE$2="", val=""), "", val * AE$1) ) | AF21: =LET( skater, IFERROR(INDEX(AllProj, MATCH($E21, AllProjNames, 0), MATCH(AF$2, AllProjCats, 0) + 1), ""), goalie, IFERROR(INDEX(AllGProj, MATCH($E21, AllGProjNames, 0), MATCH(AF$2, AllGProjCats, 0) + 1), ""), val, IF(skater <> "", skater, goalie), IF(OR($E21="", AF$2="", val=""), "", val * AF$1) ) | AG21: =LET( skater, IFERROR(INDEX(AllProj, MATCH($E21, AllProjNames, 0), MATCH(AG$2, AllProjCats, 0) + 1), ""), goalie, IFERROR(INDEX(AllGProj, MATCH($E21, AllGProjNames, 0), MATCH(AG$2, AllGProjCats, 0) + 1), ""), val, IF(skater <> "", skater, goalie), IF(OR($E21="", AG$2="", val=""), "", val * AG$1) ) | AH21: =LET( skater, IFERROR(INDEX(AllProj, MATCH($E21, AllProjNames, 0), MATCH(AH$2, AllProjCats, 0) + 1), ""), goalie, IFERROR(INDEX(AllGProj, MATCH($E21, AllGProjNames, 0), MATCH(AH$2, AllGProjCats, 0) + 1), ""), val, IF(skater <> "", skater, goalie), IF(OR($E21="", AH$2="", val=""), "", val * AH$1) ) | AI21: =LET( skater, IFERROR(INDEX(AllProj, MATCH($E21, AllProjNames, 0), MATCH(AI$2, AllProjCats, 0) + 1), ""), goalie, IFERROR(INDEX(AllGProj, MATCH($E21, AllGProjNames, 0), MATCH(AI$2, AllGProjCats, 0) + 1), ""), val, IF(skater <> "", skater, goalie), IF(OR($E21="", AI$2="", val=""), "", val * AI$1) ) | AJ21: =LET( skater, IFERROR(INDEX(AllProj, MATCH($E21, AllProjNames, 0), MATCH(AJ$2, AllProjCats, 0) + 1), ""), goalie, IFERROR(INDEX(AllGProj, MATCH($E21, AllGProjNames, 0), MATCH(AJ$2, AllGProjCats, 0) + 1), ""), val, IF(skater <> "", skater, goalie), IF(OR($E21="", AJ$2="", val=""), "", val * AJ$1) ) | ... AP21: =LET( skater, IFERROR(INDEX(AllProj, MATCH($E21, AllProjNames, 0), MATCH(AP$2, AllProjCats, 0) + 1), ""), goalie, IFERROR(INDEX(AllGProj, MATCH($E21, AllGProjNames, 0), MATCH(AP$2, AllGProjCats, 0) + 1), ""), val, IF(skater <> "", skater, goalie), IF(OR($E21="", AP$2="", val=""), "", val * AP$1) ) | AQ21: 8477493
B22: FALSE | C22: =IF(D22="Undrafted",FALSE,True) -> TRUE | D22: Rob/Orad | E22: Kirill Kaprizov | F22: MIN | G22: LW | H22: 5.259732 | I22: 10.647612 | J22: L5 | K22: 29.4 | L22: 78.938088 | M22: 24 | N22: 7 | O22: 3.0832591 | P22: 1.4995072 | Q22: 1.1766811 | R22: -0.87713521 | S22: 2.1319001 | T22: -0.78563875 | U22: 2.3763255 | V22: 0 | W22: -1.5922661 | X22: -1.752901 | AC22: =LET( skater, IFERROR(INDEX(AllProj, MATCH($E22, AllProjNames, 0), MATCH(AC$2, AllProjCats, 0) + 1), ""), goalie, IFERROR(INDEX(AllGProj, MATCH($E22, AllGProjNames, 0), MATCH(AC$2, AllGProjCats, 0) + 1), ""), val, IF(skater <> "", skater, goalie), IF(OR($E22="", AC$2="", val=""), "", val * AC$1) ) | AD22: =LET( skater, IFERROR(INDEX(AllProj, MATCH($E22, AllProjNames, 0), MATCH(AD$2, AllProjCats, 0) + 1), ""), goalie, IFERROR(INDEX(AllGProj, MATCH($E22, AllGProjNames, 0), MATCH(AD$2, AllGProjCats, 0) + 1), ""), val, IF(skater <> "", skater, goalie), IF(OR($E22="", AD$2="", val=""), "", val * AD$1) ) | AE22: =LET( skater, IFERROR(INDEX(AllProj, MATCH($E22, AllProjNames, 0), MATCH(AE$2, AllProjCats, 0) + 1), ""), goalie, IFERROR(INDEX(AllGProj, MATCH($E22, AllGProjNames, 0), MATCH(AE$2, AllGProjCats, 0) + 1), ""), val, IF(skater <> "", skater, goalie), IF(OR($E22="", AE$2="", val=""), "", val * AE$1) ) | AF22: =LET( skater, IFERROR(INDEX(AllProj, MATCH($E22, AllProjNames, 0), MATCH(AF$2, AllProjCats, 0) + 1), ""), goalie, IFERROR(INDEX(AllGProj, MATCH($E22, AllGProjNames, 0), MATCH(AF$2, AllGProjCats, 0) + 1), ""), val, IF(skater <> "", skater, goalie), IF(OR($E22="", AF$2="", val=""), "", val * AF$1) ) | AG22: =LET( skater, IFERROR(INDEX(AllProj, MATCH($E22, AllProjNames, 0), MATCH(AG$2, AllProjCats, 0) + 1), ""), goalie, IFERROR(INDEX(AllGProj, MATCH($E22, AllGProjNames, 0), MATCH(AG$2, AllGProjCats, 0) + 1), ""), val, IF(skater <> "", skater, goalie), IF(OR($E22="", AG$2="", val=""), "", val * AG$1) ) | AH22: =LET( skater, IFERROR(INDEX(AllProj, MATCH($E22, AllProjNames, 0), MATCH(AH$2, AllProjCats, 0) + 1), ""), goalie, IFERROR(INDEX(AllGProj, MATCH($E22, AllGProjNames, 0), MATCH(AH$2, AllGProjCats, 0) + 1), ""), val, IF(skater <> "", skater, goalie), IF(OR($E22="", AH$2="", val=""), "", val * AH$1) ) | AI22: =LET( skater, IFERROR(INDEX(AllProj, MATCH($E22, AllProjNames, 0), MATCH(AI$2, AllProjCats, 0) + 1), ""), goalie, IFERROR(INDEX(AllGProj, MATCH($E22, AllGProjNames, 0), MATCH(AI$2, AllGProjCats, 0) + 1), ""), val, IF(skater <> "", skater, goalie), IF(OR($E22="", AI$2="", val=""), "", val * AI$1) ) | AJ22: =LET( skater, IFERROR(INDEX(AllProj, MATCH($E22, AllProjNames, 0), MATCH(AJ$2, AllProjCats, 0) + 1), ""), goalie, IFERROR(INDEX(AllGProj, MATCH($E22, AllGProjNames, 0), MATCH(AJ$2, AllGProjCats, 0) + 1), ""), val, IF(skater <> "", skater, goalie), IF(OR($E22="", AJ$2="", val=""), "", val * AJ$1) ) | ... AP22: =LET( skater, IFERROR(INDEX(AllProj, MATCH($E22, AllProjNames, 0), MATCH(AP$2, AllProjCats, 0) + 1), ""), goalie, IFERROR(INDEX(AllGProj, MATCH($E22, AllGProjNames, 0), MATCH(AP$2, AllGProjCats, 0) + 1), ""), val, IF(skater <> "", skater, goalie), IF(OR($E22="", AP$2="", val=""), "", val * AP$1) ) | AQ22: 8478864
B23: FALSE | C23: =IF(D23="Undrafted",FALSE,True) -> TRUE | D23: Jeremy | E23: Connor Hellebuyck | F23: WPG | G23: G | H23: 5.2433909 | I23: 9.5816138 | J23: G3 | K23: 33.3 | L23: 60 | M23: 26 | N23: 5 | Y23: 1.6023352 | Z23: 2.125816 | AA23: 0.69287939 | AB23: 0.82236027 | AC23: =LET( skater, IFERROR(INDEX(AllProj, MATCH($E23, AllProjNames, 0), MATCH(AC$2, AllProjCats, 0) + 1), ""), goalie, IFERROR(INDEX(AllGProj, MATCH($E23, AllGProjNames, 0), MATCH(AC$2, AllGProjCats, 0) + 1), ""), val, IF(skater <> "", skater, goalie), IF(OR($E23="", AC$2="", val=""), "", val * AC$1) ) | AD23: =LET( skater, IFERROR(INDEX(AllProj, MATCH($E23, AllProjNames, 0), MATCH(AD$2, AllProjCats, 0) + 1), ""), goalie, IFERROR(INDEX(AllGProj, MATCH($E23, AllGProjNames, 0), MATCH(AD$2, AllGProjCats, 0) + 1), ""), val, IF(skater <> "", skater, goalie), IF(OR($E23="", AD$2="", val=""), "", val * AD$1) ) | AE23: =LET( skater, IFERROR(INDEX(AllProj, MATCH($E23, AllProjNames, 0), MATCH(AE$2, AllProjCats, 0) + 1), ""), goalie, IFERROR(INDEX(AllGProj, MATCH($E23, AllGProjNames, 0), MATCH(AE$2, AllGProjCats, 0) + 1), ""), val, IF(skater <> "", skater, goalie), IF(OR($E23="", AE$2="", val=""), "", val * AE$1) ) | AF23: =LET( skater, IFERROR(INDEX(AllProj, MATCH($E23, AllProjNames, 0), MATCH(AF$2, AllProjCats, 0) + 1), ""), goalie, IFERROR(INDEX(AllGProj, MATCH($E23, AllGProjNames, 0), MATCH(AF$2, AllGProjCats, 0) + 1), ""), val, IF(skater <> "", skater, goalie), IF(OR($E23="", AF$2="", val=""), "", val * AF$1) ) | AG23: =LET( skater, IFERROR(INDEX(AllProj, MATCH($E23, AllProjNames, 0), MATCH(AG$2, AllProjCats, 0) + 1), ""), goalie, IFERROR(INDEX(AllGProj, MATCH($E23, AllGProjNames, 0), MATCH(AG$2, AllGProjCats, 0) + 1), ""), val, IF(skater <> "", skater, goalie), IF(OR($E23="", AG$2="", val=""), "", val * AG$1) ) | AH23: =LET( skater, IFERROR(INDEX(AllProj, MATCH($E23, AllProjNames, 0), MATCH(AH$2, AllProjCats, 0) + 1), ""), goalie, IFERROR(INDEX(AllGProj, MATCH($E23, AllGProjNames, 0), MATCH(AH$2, AllGProjCats, 0) + 1), ""), val, IF(skater <> "", skater, goalie), IF(OR($E23="", AH$2="", val=""), "", val * AH$1) ) | AI23: =LET( skater, IFERROR(INDEX(AllProj, MATCH($E23, AllProjNames, 0), MATCH(AI$2, AllProjCats, 0) + 1), ""), goalie, IFERROR(INDEX(AllGProj, MATCH($E23, AllGProjNames, 0), MATCH(AI$2, AllGProjCats, 0) + 1), ""), val, IF(skater <> "", skater, goalie), IF(OR($E23="", AI$2="", val=""), "", val * AI$1) ) | AJ23: =LET( skater, IFERROR(INDEX(AllProj, MATCH($E23, AllProjNames, 0), MATCH(AJ$2, AllProjCats, 0) + 1), ""), goalie, IFERROR(INDEX(AllGProj, MATCH($E23, AllGProjNames, 0), MATCH(AJ$2, AllGProjCats, 0) + 1), ""), val, IF(skater <> "", skater, goalie), IF(OR($E23="", AJ$2="", val=""), "", val * AJ$1) ) | ... AP23: =LET( skater, IFERROR(INDEX(AllProj, MATCH($E23, AllProjNames, 0), MATCH(AP$2, AllProjCats, 0) + 1), ""), goalie, IFERROR(INDEX(AllGProj, MATCH($E23, AllGProjNames, 0), MATCH(AP$2, AllGProjCats, 0) + 1), ""), val, IF(skater <> "", skater, goalie), IF(OR($E23="", AP$2="", val=""), "", val * AP$1) ) | AQ23: 8476945
B24: FALSE | C24: =IF(D24="Undrafted",FALSE,True) -> TRUE | D24: Rob/Orad | E24: Jason Robertson | F24: DAL | G24: LW,RW | H24: 5.1915645 | I24: 10.633702 | J24: L6 R6 | K24: 27.1 | L24: 83.534706 | M24: 25 | N24: 6 | O24: 2.5220601 | P24: 1.5533557 | Q24: 1.4397642 | R24: -1.2270994 | S24: 2.3289558 | T24: -0.7823979 | U24: 2.4084522 | V24: 0 | W24: -1.4953476 | X24: -1.5561786 | AC24: =LET( skater, IFERROR(INDEX(AllProj, MATCH($E24, AllProjNames, 0), MATCH(AC$2, AllProjCats, 0) + 1), ""), goalie, IFERROR(INDEX(AllGProj, MATCH($E24, AllGProjNames, 0), MATCH(AC$2, AllGProjCats, 0) + 1), ""), val, IF(skater <> "", skater, goalie), IF(OR($E24="", AC$2="", val=""), "", val * AC$1) ) | AD24: =LET( skater, IFERROR(INDEX(AllProj, MATCH($E24, AllProjNames, 0), MATCH(AD$2, AllProjCats, 0) + 1), ""), goalie, IFERROR(INDEX(AllGProj, MATCH($E24, AllGProjNames, 0), MATCH(AD$2, AllGProjCats, 0) + 1), ""), val, IF(skater <> "", skater, goalie), IF(OR($E24="", AD$2="", val=""), "", val * AD$1) ) | AE24: =LET( skater, IFERROR(INDEX(AllProj, MATCH($E24, AllProjNames, 0), MATCH(AE$2, AllProjCats, 0) + 1), ""), goalie, IFERROR(INDEX(AllGProj, MATCH($E24, AllGProjNames, 0), MATCH(AE$2, AllGProjCats, 0) + 1), ""), val, IF(skater <> "", skater, goalie), IF(OR($E24="", AE$2="", val=""), "", val * AE$1) ) | AF24: =LET( skater, IFERROR(INDEX(AllProj, MATCH($E24, AllProjNames, 0), MATCH(AF$2, AllProjCats, 0) + 1), ""), goalie, IFERROR(INDEX(AllGProj, MATCH($E24, AllGProjNames, 0), MATCH(AF$2, AllGProjCats, 0) + 1), ""), val, IF(skater <> "", skater, goalie), IF(OR($E24="", AF$2="", val=""), "", val * AF$1) ) | AG24: =LET( skater, IFERROR(INDEX(AllProj, MATCH($E24, AllProjNames, 0), MATCH(AG$2, AllProjCats, 0) + 1), ""), goalie, IFERROR(INDEX(AllGProj, MATCH($E24, AllGProjNames, 0), MATCH(AG$2, AllGProjCats, 0) + 1), ""), val, IF(skater <> "", skater, goalie), IF(OR($E24="", AG$2="", val=""), "", val * AG$1) ) | AH24: =LET( skater, IFERROR(INDEX(AllProj, MATCH($E24, AllProjNames, 0), MATCH(AH$2, AllProjCats, 0) + 1), ""), goalie, IFERROR(INDEX(AllGProj, MATCH($E24, AllGProjNames, 0), MATCH(AH$2, AllGProjCats, 0) + 1), ""), val, IF(skater <> "", skater, goalie), IF(OR($E24="", AH$2="", val=""), "", val * AH$1) ) | AI24: =LET( skater, IFERROR(INDEX(AllProj, MATCH($E24, AllProjNames, 0), MATCH(AI$2, AllProjCats, 0) + 1), ""), goalie, IFERROR(INDEX(AllGProj, MATCH($E24, AllGProjNames, 0), MATCH(AI$2, AllGProjCats, 0) + 1), ""), val, IF(skater <> "", skater, goalie), IF(OR($E24="", AI$2="", val=""), "", val * AI$1) ) | AJ24: =LET( skater, IFERROR(INDEX(AllProj, MATCH($E24, AllProjNames, 0), MATCH(AJ$2, AllProjCats, 0) + 1), ""), goalie, IFERROR(INDEX(AllGProj, MATCH($E24, AllGProjNames, 0), MATCH(AJ$2, AllGProjCats, 0) + 1), ""), val, IF(skater <> "", skater, goalie), IF(OR($E24="", AJ$2="", val=""), "", val * AJ$1) ) | ... AP24: =LET( skater, IFERROR(INDEX(AllProj, MATCH($E24, AllProjNames, 0), MATCH(AP$2, AllProjCats, 0) + 1), ""), goalie, IFERROR(INDEX(AllGProj, MATCH($E24, AllGProjNames, 0), MATCH(AP$2, AllGProjCats, 0) + 1), ""), val, IF(skater <> "", skater, goalie), IF(OR($E24="", AP$2="", val=""), "", val * AP$1) ) | AQ24: 8480027
B25: FALSE | C25: =IF(D25="Undrafted",FALSE,True) -> TRUE | D25: Jeremy | E25: Scott Wedgewood | F25: COL | G25: G | H25: 5.1406799 | I25: 9.4789029 | J25: G4 | K25: 34.1 | L25: 41.8 | M25: 34 | N25: 7 | Y25: 0.23166661 | Z25: 2.3296409 | AA25: 2.5127596 | AB25: 0.066612775 | AC25: =LET( skater, IFERROR(INDEX(AllProj, MATCH($E25, AllProjNames, 0), MATCH(AC$2, AllProjCats, 0) + 1), ""), goalie, IFERROR(INDEX(AllGProj, MATCH($E25, AllGProjNames, 0), MATCH(AC$2, AllGProjCats, 0) + 1), ""), val, IF(skater <> "", skater, goalie), IF(OR($E25="", AC$2="", val=""), "", val * AC$1) ) | AD25: =LET( skater, IFERROR(INDEX(AllProj, MATCH($E25, AllProjNames, 0), MATCH(AD$2, AllProjCats, 0) + 1), ""), goalie, IFERROR(INDEX(AllGProj, MATCH($E25, AllGProjNames, 0), MATCH(AD$2, AllGProjCats, 0) + 1), ""), val, IF(skater <> "", skater, goalie), IF(OR($E25="", AD$2="", val=""), "", val * AD$1) ) | AE25: =LET( skater, IFERROR(INDEX(AllProj, MATCH($E25, AllProjNames, 0), MATCH(AE$2, AllProjCats, 0) + 1), ""), goalie, IFERROR(INDEX(AllGProj, MATCH($E25, AllGProjNames, 0), MATCH(AE$2, AllGProjCats, 0) + 1), ""), val, IF(skater <> "", skater, goalie), IF(OR($E25="", AE$2="", val=""), "", val * AE$1) ) | AF25: =LET( skater, IFERROR(INDEX(AllProj, MATCH($E25, AllProjNames, 0), MATCH(AF$2, AllProjCats, 0) + 1), ""), goalie, IFERROR(INDEX(AllGProj, MATCH($E25, AllGProjNames, 0), MATCH(AF$2, AllGProjCats, 0) + 1), ""), val, IF(skater <> "", skater, goalie), IF(OR($E25="", AF$2="", val=""), "", val * AF$1) ) | AG25: =LET( skater, IFERROR(INDEX(AllProj, MATCH($E25, AllProjNames, 0), MATCH(AG$2, AllProjCats, 0) + 1), ""), goalie, IFERROR(INDEX(AllGProj, MATCH($E25, AllGProjNames, 0), MATCH(AG$2, AllGProjCats, 0) + 1), ""), val, IF(skater <> "", skater, goalie), IF(OR($E25="", AG$2="", val=""), "", val * AG$1) ) | AH25: =LET( skater, IFERROR(INDEX(AllProj, MATCH($E25, AllProjNames, 0), MATCH(AH$2, AllProjCats, 0) + 1), ""), goalie, IFERROR(INDEX(AllGProj, MATCH($E25, AllGProjNames, 0), MATCH(AH$2, AllGProjCats, 0) + 1), ""), val, IF(skater <> "", skater, goalie), IF(OR($E25="", AH$2="", val=""), "", val * AH$1) ) | AI25: =LET( skater, IFERROR(INDEX(AllProj, MATCH($E25, AllProjNames, 0), MATCH(AI$2, AllProjCats, 0) + 1), ""), goalie, IFERROR(INDEX(AllGProj, MATCH($E25, AllGProjNames, 0), MATCH(AI$2, AllGProjCats, 0) + 1), ""), val, IF(skater <> "", skater, goalie), IF(OR($E25="", AI$2="", val=""), "", val * AI$1) ) | AJ25: =LET( skater, IFERROR(INDEX(AllProj, MATCH($E25, AllProjNames, 0), MATCH(AJ$2, AllProjCats, 0) + 1), ""), goalie, IFERROR(INDEX(AllGProj, MATCH($E25, AllGProjNames, 0), MATCH(AJ$2, AllGProjCats, 0) + 1), ""), val, IF(skater <> "", skater, goalie), IF(OR($E25="", AJ$2="", val=""), "", val * AJ$1) ) | ... AP25: =LET( skater, IFERROR(INDEX(AllProj, MATCH($E25, AllProjNames, 0), MATCH(AP$2, AllProjCats, 0) + 1), ""), goalie, IFERROR(INDEX(AllGProj, MATCH($E25, AllGProjNames, 0), MATCH(AP$2, AllGProjCats, 0) + 1), ""), val, IF(skater <> "", skater, goalie), IF(OR($E25="", AP$2="", val=""), "", val * AP$1) ) | AQ25: 8475809
B26: FALSE | C26: =IF(D26="Undrafted",FALSE,True) -> TRUE | D26: Rob/Orad | E26: Igor Shesterkin | F26: NYR | G26: G | H26: 4.4537038 | I26: 8.7919268 | J26: G5 | K26: 30.7 | L26: 57.3 | M26: 33 | N26: 6 | Y26: 1.0053222 | Z26: 1.3687519 | AA26: 1.5200977 | AB26: 0.55953198 | AC26: =LET( skater, IFERROR(INDEX(AllProj, MATCH($E26, AllProjNames, 0), MATCH(AC$2, AllProjCats, 0) + 1), ""), goalie, IFERROR(INDEX(AllGProj, MATCH($E26, AllGProjNames, 0), MATCH(AC$2, AllGProjCats, 0) + 1), ""), val, IF(skater <> "", skater, goalie), IF(OR($E26="", AC$2="", val=""), "", val * AC$1) ) | AD26: =LET( skater, IFERROR(INDEX(AllProj, MATCH($E26, AllProjNames, 0), MATCH(AD$2, AllProjCats, 0) + 1), ""), goalie, IFERROR(INDEX(AllGProj, MATCH($E26, AllGProjNames, 0), MATCH(AD$2, AllGProjCats, 0) + 1), ""), val, IF(skater <> "", skater, goalie), IF(OR($E26="", AD$2="", val=""), "", val * AD$1) ) | AE26: =LET( skater, IFERROR(INDEX(AllProj, MATCH($E26, AllProjNames, 0), MATCH(AE$2, AllProjCats, 0) + 1), ""), goalie, IFERROR(INDEX(AllGProj, MATCH($E26, AllGProjNames, 0), MATCH(AE$2, AllGProjCats, 0) + 1), ""), val, IF(skater <> "", skater, goalie), IF(OR($E26="", AE$2="", val=""), "", val * AE$1) ) | AF26: =LET( skater, IFERROR(INDEX(AllProj, MATCH($E26, AllProjNames, 0), MATCH(AF$2, AllProjCats, 0) + 1), ""), goalie, IFERROR(INDEX(AllGProj, MATCH($E26, AllGProjNames, 0), MATCH(AF$2, AllGProjCats, 0) + 1), ""), val, IF(skater <> "", skater, goalie), IF(OR($E26="", AF$2="", val=""), "", val * AF$1) ) | AG26: =LET( skater, IFERROR(INDEX(AllProj, MATCH($E26, AllProjNames, 0), MATCH(AG$2, AllProjCats, 0) + 1), ""), goalie, IFERROR(INDEX(AllGProj, MATCH($E26, AllGProjNames, 0), MATCH(AG$2, AllGProjCats, 0) + 1), ""), val, IF(skater <> "", skater, goalie), IF(OR($E26="", AG$2="", val=""), "", val * AG$1) ) | AH26: =LET( skater, IFERROR(INDEX(AllProj, MATCH($E26, AllProjNames, 0), MATCH(AH$2, AllProjCats, 0) + 1), ""), goalie, IFERROR(INDEX(AllGProj, MATCH($E26, AllGProjNames, 0), MATCH(AH$2, AllGProjCats, 0) + 1), ""), val, IF(skater <> "", skater, goalie), IF(OR($E26="", AH$2="", val=""), "", val * AH$1) ) | AI26: =LET( skater, IFERROR(INDEX(AllProj, MATCH($E26, AllProjNames, 0), MATCH(AI$2, AllProjCats, 0) + 1), ""), goalie, IFERROR(INDEX(AllGProj, MATCH($E26, AllGProjNames, 0), MATCH(AI$2, AllGProjCats, 0) + 1), ""), val, IF(skater <> "", skater, goalie), IF(OR($E26="", AI$2="", val=""), "", val * AI$1) ) | AJ26: =LET( skater, IFERROR(INDEX(AllProj, MATCH($E26, AllProjNames, 0), MATCH(AJ$2, AllProjCats, 0) + 1), ""), goalie, IFERROR(INDEX(AllGProj, MATCH($E26, AllGProjNames, 0), MATCH(AJ$2, AllGProjCats, 0) + 1), ""), val, IF(skater <> "", skater, goalie), IF(OR($E26="", AJ$2="", val=""), "", val * AJ$1) ) | ... AP26: =LET( skater, IFERROR(INDEX(AllProj, MATCH($E26, AllProjNames, 0), MATCH(AP$2, AllProjCats, 0) + 1), ""), goalie, IFERROR(INDEX(AllGProj, MATCH($E26, AllGProjNames, 0), MATCH(AP$2, AllGProjCats, 0) + 1), ""), val, IF(skater <> "", skater, goalie), IF(OR($E26="", AP$2="", val=""), "", val * AP$1) ) | AQ26: 8478048
B27: FALSE | C27: =IF(D27="Undrafted",FALSE,True) -> TRUE | D27: Rob/Orad | E27: Martin Necas | F27: COL | G27: RW | H27: 4.2758918 | I27: 9.7180294 | J27: R7 | K27: 27.7 | L27: 81.189559 | M27: 34 | N27: 7 | O27: 1.6810272 | P27: 2.1570631 | Q27: 2.2858843 | R27: -1.0314796 | S27: 1.5257207 | T27: -0.78607292 | U27: 1.271488 | V27: 0 | W27: -0.97955345 | X27: -1.8481856 | AC27: =LET( skater, IFERROR(INDEX(AllProj, MATCH($E27, AllProjNames, 0), MATCH(AC$2, AllProjCats, 0) + 1), ""), goalie, IFERROR(INDEX(AllGProj, MATCH($E27, AllGProjNames, 0), MATCH(AC$2, AllGProjCats, 0) + 1), ""), val, IF(skater <> "", skater, goalie), IF(OR($E27="", AC$2="", val=""), "", val * AC$1) ) | AD27: =LET( skater, IFERROR(INDEX(AllProj, MATCH($E27, AllProjNames, 0), MATCH(AD$2, AllProjCats, 0) + 1), ""), goalie, IFERROR(INDEX(AllGProj, MATCH($E27, AllGProjNames, 0), MATCH(AD$2, AllGProjCats, 0) + 1), ""), val, IF(skater <> "", skater, goalie), IF(OR($E27="", AD$2="", val=""), "", val * AD$1) ) | AE27: =LET( skater, IFERROR(INDEX(AllProj, MATCH($E27, AllProjNames, 0), MATCH(AE$2, AllProjCats, 0) + 1), ""), goalie, IFERROR(INDEX(AllGProj, MATCH($E27, AllGProjNames, 0), MATCH(AE$2, AllGProjCats, 0) + 1), ""), val, IF(skater <> "", skater, goalie), IF(OR($E27="", AE$2="", val=""), "", val * AE$1) ) | AF27: =LET( skater, IFERROR(INDEX(AllProj, MATCH($E27, AllProjNames, 0), MATCH(AF$2, AllProjCats, 0) + 1), ""), goalie, IFERROR(INDEX(AllGProj, MATCH($E27, AllGProjNames, 0), MATCH(AF$2, AllGProjCats, 0) + 1), ""), val, IF(skater <> "", skater, goalie), IF(OR($E27="", AF$2="", val=""), "", val * AF$1) ) | AG27: =LET( skater, IFERROR(INDEX(AllProj, MATCH($E27, AllProjNames, 0), MATCH(AG$2, AllProjCats, 0) + 1), ""), goalie, IFERROR(INDEX(AllGProj, MATCH($E27, AllGProjNames, 0), MATCH(AG$2, AllGProjCats, 0) + 1), ""), val, IF(skater <> "", skater, goalie), IF(OR($E27="", AG$2="", val=""), "", val * AG$1) ) | AH27: =LET( skater, IFERROR(INDEX(AllProj, MATCH($E27, AllProjNames, 0), MATCH(AH$2, AllProjCats, 0) + 1), ""), goalie, IFERROR(INDEX(AllGProj, MATCH($E27, AllGProjNames, 0), MATCH(AH$2, AllGProjCats, 0) + 1), ""), val, IF(skater <> "", skater, goalie), IF(OR($E27="", AH$2="", val=""), "", val * AH$1) ) | AI27: =LET( skater, IFERROR(INDEX(AllProj, MATCH($E27, AllProjNames, 0), MATCH(AI$2, AllProjCats, 0) + 1), ""), goalie, IFERROR(INDEX(AllGProj, MATCH($E27, AllGProjNames, 0), MATCH(AI$2, AllGProjCats, 0) + 1), ""), val, IF(skater <> "", skater, goalie), IF(OR($E27="", AI$2="", val=""), "", val * AI$1) ) | AJ27: =LET( skater, IFERROR(INDEX(AllProj, MATCH($E27, AllProjNames, 0), MATCH(AJ$2, AllProjCats, 0) + 1), ""), goalie, IFERROR(INDEX(AllGProj, MATCH($E27, AllGProjNames, 0), MATCH(AJ$2, AllGProjCats, 0) + 1), ""), val, IF(skater <> "", skater, goalie), IF(OR($E27="", AJ$2="", val=""), "", val * AJ$1) ) | ... AP27: =LET( skater, IFERROR(INDEX(AllProj, MATCH($E27, AllProjNames, 0), MATCH(AP$2, AllProjCats, 0) + 1), ""), goalie, IFERROR(INDEX(AllGProj, MATCH($E27, AllGProjNames, 0), MATCH(AP$2, AllGProjCats, 0) + 1), ""), val, IF(skater <> "", skater, goalie), IF(OR($E27="", AP$2="", val=""), "", val * AP$1) ) | AQ27: 8480039
B28: FALSE | C28: =IF(D28="Undrafted",FALSE,True) -> TRUE | D28: Ilan | E28: Mikko Rantanen | F28: DAL | G28: LW,RW | H28: 4.1028783 | I28: 9.5450159 | J28: L7 R8 | K28: 29.9 | L28: 78.876765 | M28: 25 | N28: 6 | O28: 1.1058844 | P28: 2.0769465 | Q28: 0.47376885 | R28: 1.4228478 | S28: 2.3461839 | T28: -0.78508657 | U28: 0.50926024 | V28: 0 | W28: -1.5580198 | X28: -1.488907 | AC28: =LET( skater, IFERROR(INDEX(AllProj, MATCH($E28, AllProjNames, 0), MATCH(AC$2, AllProjCats, 0) + 1), ""), goalie, IFERROR(INDEX(AllGProj, MATCH($E28, AllGProjNames, 0), MATCH(AC$2, AllGProjCats, 0) + 1), ""), val, IF(skater <> "", skater, goalie), IF(OR($E28="", AC$2="", val=""), "", val * AC$1) ) | AD28: =LET( skater, IFERROR(INDEX(AllProj, MATCH($E28, AllProjNames, 0), MATCH(AD$2, AllProjCats, 0) + 1), ""), goalie, IFERROR(INDEX(AllGProj, MATCH($E28, AllGProjNames, 0), MATCH(AD$2, AllGProjCats, 0) + 1), ""), val, IF(skater <> "", skater, goalie), IF(OR($E28="", AD$2="", val=""), "", val * AD$1) ) | AE28: =LET( skater, IFERROR(INDEX(AllProj, MATCH($E28, AllProjNames, 0), MATCH(AE$2, AllProjCats, 0) + 1), ""), goalie, IFERROR(INDEX(AllGProj, MATCH($E28, AllGProjNames, 0), MATCH(AE$2, AllGProjCats, 0) + 1), ""), val, IF(skater <> "", skater, goalie), IF(OR($E28="", AE$2="", val=""), "", val * AE$1) ) | AF28: =LET( skater, IFERROR(INDEX(AllProj, MATCH($E28, AllProjNames, 0), MATCH(AF$2, AllProjCats, 0) + 1), ""), goalie, IFERROR(INDEX(AllGProj, MATCH($E28, AllGProjNames, 0), MATCH(AF$2, AllGProjCats, 0) + 1), ""), val, IF(skater <> "", skater, goalie), IF(OR($E28="", AF$2="", val=""), "", val * AF$1) ) | AG28: =LET( skater, IFERROR(INDEX(AllProj, MATCH($E28, AllProjNames, 0), MATCH(AG$2, AllProjCats, 0) + 1), ""), goalie, IFERROR(INDEX(AllGProj, MATCH($E28, AllGProjNames, 0), MATCH(AG$2, AllGProjCats, 0) + 1), ""), val, IF(skater <> "", skater, goalie), IF(OR($E28="", AG$2="", val=""), "", val * AG$1) ) | AH28: =LET( skater, IFERROR(INDEX(AllProj, MATCH($E28, AllProjNames, 0), MATCH(AH$2, AllProjCats, 0) + 1), ""), goalie, IFERROR(INDEX(AllGProj, MATCH($E28, AllGProjNames, 0), MATCH(AH$2, AllGProjCats, 0) + 1), ""), val, IF(skater <> "", skater, goalie), IF(OR($E28="", AH$2="", val=""), "", val * AH$1) ) | AI28: =LET( skater, IFERROR(INDEX(AllProj, MATCH($E28, AllProjNames, 0), MATCH(AI$2, AllProjCats, 0) + 1), ""), goalie, IFERROR(INDEX(AllGProj, MATCH($E28, AllGProjNames, 0), MATCH(AI$2, AllGProjCats, 0) + 1), ""), val, IF(skater <> "", skater, goalie), IF(OR($E28="", AI$2="", val=""), "", val * AI$1) ) | AJ28: =LET( skater, IFERROR(INDEX(AllProj, MATCH($E28, AllProjNames, 0), MATCH(AJ$2, AllProjCats, 0) + 1), ""), goalie, IFERROR(INDEX(AllGProj, MATCH($E28, AllGProjNames, 0), MATCH(AJ$2, AllGProjCats, 0) + 1), ""), val, IF(skater <> "", skater, goalie), IF(OR($E28="", AJ$2="", val=""), "", val * AJ$1) ) | ... AP28: =LET( skater, IFERROR(INDEX(AllProj, MATCH($E28, AllProjNames, 0), MATCH(AP$2, AllProjCats, 0) + 1), ""), goalie, IFERROR(INDEX(AllGProj, MATCH($E28, AllGProjNames, 0), MATCH(AP$2, AllGProjCats, 0) + 1), ""), val, IF(skater <> "", skater, goalie), IF(OR($E28="", AP$2="", val=""), "", val * AP$1) ) | AQ28: 8478420
B29: FALSE | C29: =IF(D29="Undrafted",FALSE,True) -> TRUE | D29: Lev | E29: Moritz Seider | F29: DET | G29: D | H29: 3.903015 | I29: 9.4328738 | J29: D3 | K29: 25.4 | L29: 83.417059 | M29: 29 | N29: 7 | O29: -1.4067302 | P29: 1.017843 | Q29: -0.24702923 | R29: 0.23865673 | S29: 1.2628217 | T29: -0.70728341 | U29: 0.24664826 | V29: 0 | W29: 0.62071781 | X29: 2.8773703 | AC29: =LET( skater, IFERROR(INDEX(AllProj, MATCH($E29, AllProjNames, 0), MATCH(AC$2, AllProjCats, 0) + 1), ""), goalie, IFERROR(INDEX(AllGProj, MATCH($E29, AllGProjNames, 0), MATCH(AC$2, AllGProjCats, 0) + 1), ""), val, IF(skater <> "", skater, goalie), IF(OR($E29="", AC$2="", val=""), "", val * AC$1) ) | AD29: =LET( skater, IFERROR(INDEX(AllProj, MATCH($E29, AllProjNames, 0), MATCH(AD$2, AllProjCats, 0) + 1), ""), goalie, IFERROR(INDEX(AllGProj, MATCH($E29, AllGProjNames, 0), MATCH(AD$2, AllGProjCats, 0) + 1), ""), val, IF(skater <> "", skater, goalie), IF(OR($E29="", AD$2="", val=""), "", val * AD$1) ) | AE29: =LET( skater, IFERROR(INDEX(AllProj, MATCH($E29, AllProjNames, 0), MATCH(AE$2, AllProjCats, 0) + 1), ""), goalie, IFERROR(INDEX(AllGProj, MATCH($E29, AllGProjNames, 0), MATCH(AE$2, AllGProjCats, 0) + 1), ""), val, IF(skater <> "", skater, goalie), IF(OR($E29="", AE$2="", val=""), "", val * AE$1) ) | AF29: =LET( skater, IFERROR(INDEX(AllProj, MATCH($E29, AllProjNames, 0), MATCH(AF$2, AllProjCats, 0) + 1), ""), goalie, IFERROR(INDEX(AllGProj, MATCH($E29, AllGProjNames, 0), MATCH(AF$2, AllGProjCats, 0) + 1), ""), val, IF(skater <> "", skater, goalie), IF(OR($E29="", AF$2="", val=""), "", val * AF$1) ) | AG29: =LET( skater, IFERROR(INDEX(AllProj, MATCH($E29, AllProjNames, 0), MATCH(AG$2, AllProjCats, 0) + 1), ""), goalie, IFERROR(INDEX(AllGProj, MATCH($E29, AllGProjNames, 0), MATCH(AG$2, AllGProjCats, 0) + 1), ""), val, IF(skater <> "", skater, goalie), IF(OR($E29="", AG$2="", val=""), "", val * AG$1) ) | AH29: =LET( skater, IFERROR(INDEX(AllProj, MATCH($E29, AllProjNames, 0), MATCH(AH$2, AllProjCats, 0) + 1), ""), goalie, IFERROR(INDEX(AllGProj, MATCH($E29, AllGProjNames, 0), MATCH(AH$2, AllGProjCats, 0) + 1), ""), val, IF(skater <> "", skater, goalie), IF(OR($E29="", AH$2="", val=""), "", val * AH$1) ) | AI29: =LET( skater, IFERROR(INDEX(AllProj, MATCH($E29, AllProjNames, 0), MATCH(AI$2, AllProjCats, 0) + 1), ""), goalie, IFERROR(INDEX(AllGProj, MATCH($E29, AllGProjNames, 0), MATCH(AI$2, AllGProjCats, 0) + 1), ""), val, IF(skater <> "", skater, goalie), IF(OR($E29="", AI$2="", val=""), "", val * AI$1) ) | AJ29: =LET( skater, IFERROR(INDEX(AllProj, MATCH($E29, AllProjNames, 0), MATCH(AJ$2, AllProjCats, 0) + 1), ""), goalie, IFERROR(INDEX(AllGProj, MATCH($E29, AllGProjNames, 0), MATCH(AJ$2, AllGProjCats, 0) + 1), ""), val, IF(skater <> "", skater, goalie), IF(OR($E29="", AJ$2="", val=""), "", val * AJ$1) ) | ... AP29: =LET( skater, IFERROR(INDEX(AllProj, MATCH($E29, AllProjNames, 0), MATCH(AP$2, AllProjCats, 0) + 1), ""), goalie, IFERROR(INDEX(AllGProj, MATCH($E29, AllGProjNames, 0), MATCH(AP$2, AllGProjCats, 0) + 1), ""), val, IF(skater <> "", skater, goalie), IF(OR($E29="", AP$2="", val=""), "", val * AP$1) ) | AQ29: 8481542
B30: FALSE | C30: =IF(D30="Undrafted",FALSE,True) -> TRUE | D30: Jeremy | E30: Rasmus Dahlin | F30: BUF | G30: D | H30: 3.8720502 | I30: 9.4019089 | J30: D4 | K30: 26.4 | L30: 80.781471 | M30: 25 | N30: 6 | O30: -0.23666197 | P30: 1.7559534 | Q30: 0.34997947 | R30: 1.2339459 | S30: 1.0255114 | T30: -0.67618258 | U30: 0.94219647 | V30: 0 | W30: -0.7573542 | X30: 0.23466231 | AC30: =LET( skater, IFERROR(INDEX(AllProj, MATCH($E30, AllProjNames, 0), MATCH(AC$2, AllProjCats, 0) + 1), ""), goalie, IFERROR(INDEX(AllGProj, MATCH($E30, AllGProjNames, 0), MATCH(AC$2, AllGProjCats, 0) + 1), ""), val, IF(skater <> "", skater, goalie), IF(OR($E30="", AC$2="", val=""), "", val * AC$1) ) | AD30: =LET( skater, IFERROR(INDEX(AllProj, MATCH($E30, AllProjNames, 0), MATCH(AD$2, AllProjCats, 0) + 1), ""), goalie, IFERROR(INDEX(AllGProj, MATCH($E30, AllGProjNames, 0), MATCH(AD$2, AllGProjCats, 0) + 1), ""), val, IF(skater <> "", skater, goalie), IF(OR($E30="", AD$2="", val=""), "", val * AD$1) ) | AE30: =LET( skater, IFERROR(INDEX(AllProj, MATCH($E30, AllProjNames, 0), MATCH(AE$2, AllProjCats, 0) + 1), ""), goalie, IFERROR(INDEX(AllGProj, MATCH($E30, AllGProjNames, 0), MATCH(AE$2, AllGProjCats, 0) + 1), ""), val, IF(skater <> "", skater, goalie), IF(OR($E30="", AE$2="", val=""), "", val * AE$1) ) | AF30: =LET( skater, IFERROR(INDEX(AllProj, MATCH($E30, AllProjNames, 0), MATCH(AF$2, AllProjCats, 0) + 1), ""), goalie, IFERROR(INDEX(AllGProj, MATCH($E30, AllGProjNames, 0), MATCH(AF$2, AllGProjCats, 0) + 1), ""), val, IF(skater <> "", skater, goalie), IF(OR($E30="", AF$2="", val=""), "", val * AF$1) ) | AG30: =LET( skater, IFERROR(INDEX(AllProj, MATCH($E30, AllProjNames, 0), MATCH(AG$2, AllProjCats, 0) + 1), ""), goalie, IFERROR(INDEX(AllGProj, MATCH($E30, AllGProjNames, 0), MATCH(AG$2, AllGProjCats, 0) + 1), ""), val, IF(skater <> "", skater, goalie), IF(OR($E30="", AG$2="", val=""), "", val * AG$1) ) | AH30: =LET( skater, IFERROR(INDEX(AllProj, MATCH($E30, AllProjNames, 0), MATCH(AH$2, AllProjCats, 0) + 1), ""), goalie, IFERROR(INDEX(AllGProj, MATCH($E30, AllGProjNames, 0), MATCH(AH$2, AllGProjCats, 0) + 1), ""), val, IF(skater <> "", skater, goalie), IF(OR($E30="", AH$2="", val=""), "", val * AH$1) ) | AI30: =LET( skater, IFERROR(INDEX(AllProj, MATCH($E30, AllProjNames, 0), MATCH(AI$2, AllProjCats, 0) + 1), ""), goalie, IFERROR(INDEX(AllGProj, MATCH($E30, AllGProjNames, 0), MATCH(AI$2, AllGProjCats, 0) + 1), ""), val, IF(skater <> "", skater, goalie), IF(OR($E30="", AI$2="", val=""), "", val * AI$1) ) | AJ30: =LET( skater, IFERROR(INDEX(AllProj, MATCH($E30, AllProjNames, 0), MATCH(AJ$2, AllProjCats, 0) + 1), ""), goalie, IFERROR(INDEX(AllGProj, MATCH($E30, AllGProjNames, 0), MATCH(AJ$2, AllGProjCats, 0) + 1), ""), val, IF(skater <> "", skater, goalie), IF(OR($E30="", AJ$2="", val=""), "", val * AJ$1) ) | ... AP30: =LET( skater, IFERROR(INDEX(AllProj, MATCH($E30, AllProjNames, 0), MATCH(AP$2, AllProjCats, 0) + 1), ""), goalie, IFERROR(INDEX(AllGProj, MATCH($E30, AllGProjNames, 0), MATCH(AP$2, AllGProjCats, 0) + 1), ""), val, IF(skater <> "", skater, goalie), IF(OR($E30="", AP$2="", val=""), "", val * AP$1) ) | AQ30: 8480839
B31: FALSE | C31: =IF(D31="Undrafted",FALSE,True) -> TRUE | D31: Harley | E31: Matthew Tkachuk | F31: FLA | G31: LW,RW | H31: 3.7594522 | I31: 9.2015898 | J31: L8 R9 | K31: 28.8 | L31: 75.682059 | M31: 29 | N31: 7 | O31: 1.0146777 | P31: 1.5279364 | Q31: -0.048203615 | R31: 1.7864901 | S31: 1.6477929 | T31: -0.76894619 | U31: 1.3419767 | V31: 0 | W31: -0.66409363 | X31: -2.0781782 | AC31: =LET( skater, IFERROR(INDEX(AllProj, MATCH($E31, AllProjNames, 0), MATCH(AC$2, AllProjCats, 0) + 1), ""), goalie, IFERROR(INDEX(AllGProj, MATCH($E31, AllGProjNames, 0), MATCH(AC$2, AllGProjCats, 0) + 1), ""), val, IF(skater <> "", skater, goalie), IF(OR($E31="", AC$2="", val=""), "", val * AC$1) ) | AD31: =LET( skater, IFERROR(INDEX(AllProj, MATCH($E31, AllProjNames, 0), MATCH(AD$2, AllProjCats, 0) + 1), ""), goalie, IFERROR(INDEX(AllGProj, MATCH($E31, AllGProjNames, 0), MATCH(AD$2, AllGProjCats, 0) + 1), ""), val, IF(skater <> "", skater, goalie), IF(OR($E31="", AD$2="", val=""), "", val * AD$1) ) | AE31: =LET( skater, IFERROR(INDEX(AllProj, MATCH($E31, AllProjNames, 0), MATCH(AE$2, AllProjCats, 0) + 1), ""), goalie, IFERROR(INDEX(AllGProj, MATCH($E31, AllGProjNames, 0), MATCH(AE$2, AllGProjCats, 0) + 1), ""), val, IF(skater <> "", skater, goalie), IF(OR($E31="", AE$2="", val=""), "", val * AE$1) ) | AF31: =LET( skater, IFERROR(INDEX(AllProj, MATCH($E31, AllProjNames, 0), MATCH(AF$2, AllProjCats, 0) + 1), ""), goalie, IFERROR(INDEX(AllGProj, MATCH($E31, AllGProjNames, 0), MATCH(AF$2, AllGProjCats, 0) + 1), ""), val, IF(skater <> "", skater, goalie), IF(OR($E31="", AF$2="", val=""), "", val * AF$1) ) | AG31: =LET( skater, IFERROR(INDEX(AllProj, MATCH($E31, AllProjNames, 0), MATCH(AG$2, AllProjCats, 0) + 1), ""), goalie, IFERROR(INDEX(AllGProj, MATCH($E31, AllGProjNames, 0), MATCH(AG$2, AllGProjCats, 0) + 1), ""), val, IF(skater <> "", skater, goalie), IF(OR($E31="", AG$2="", val=""), "", val * AG$1) ) | AH31: =LET( skater, IFERROR(INDEX(AllProj, MATCH($E31, AllProjNames, 0), MATCH(AH$2, AllProjCats, 0) + 1), ""), goalie, IFERROR(INDEX(AllGProj, MATCH($E31, AllGProjNames, 0), MATCH(AH$2, AllGProjCats, 0) + 1), ""), val, IF(skater <> "", skater, goalie), IF(OR($E31="", AH$2="", val=""), "", val * AH$1) ) | AI31: =LET( skater, IFERROR(INDEX(AllProj, MATCH($E31, AllProjNames, 0), MATCH(AI$2, AllProjCats, 0) + 1), ""), goalie, IFERROR(INDEX(AllGProj, MATCH($E31, AllGProjNames, 0), MATCH(AI$2, AllGProjCats, 0) + 1), ""), val, IF(skater <> "", skater, goalie), IF(OR($E31="", AI$2="", val=""), "", val * AI$1) ) | AJ31: =LET( skater, IFERROR(INDEX(AllProj, MATCH($E31, AllProjNames, 0), MATCH(AJ$2, AllProjCats, 0) + 1), ""), goalie, IFERROR(INDEX(AllGProj, MATCH($E31, AllGProjNames, 0), MATCH(AJ$2, AllGProjCats, 0) + 1), ""), val, IF(skater <> "", skater, goalie), IF(OR($E31="", AJ$2="", val=""), "", val * AJ$1) ) | ... AP31: =LET( skater, IFERROR(INDEX(AllProj, MATCH($E31, AllProjNames, 0), MATCH(AP$2, AllProjCats, 0) + 1), ""), goalie, IFERROR(INDEX(AllGProj, MATCH($E31, AllGProjNames, 0), MATCH(AP$2, AllGProjCats, 0) + 1), ""), val, IF(skater <> "", skater, goalie), IF(OR($E31="", AP$2="", val=""), "", val * AP$1) ) | AQ31: 8479314
B32: FALSE | C32: =IF(D32="Undrafted",FALSE,True) -> TRUE | D32: Rob/Orad | E32: Wyatt Johnston | F32: DAL | G32: C,RW | H32: 3.4259023 | I32: 8.8680399 | J32: C11 R10 | K32: 23.3 | L32: 83.417059 | M32: 25 | N32: 6 | O32: 2.4476927 | P32: 0.8697808 | Q32: -0.3124448 | R32: -0.96369969 | S32: 2.3009479 | T32: -0.38568934 | U32: 1.244256 | V32: 0.84027658 | W32: -1.5292892 | X32: -1.0859287 | AC32: =LET( skater, IFERROR(INDEX(AllProj, MATCH($E32, AllProjNames, 0), MATCH(AC$2, AllProjCats, 0) + 1), ""), goalie, IFERROR(INDEX(AllGProj, MATCH($E32, AllGProjNames, 0), MATCH(AC$2, AllGProjCats, 0) + 1), ""), val, IF(skater <> "", skater, goalie), IF(OR($E32="", AC$2="", val=""), "", val * AC$1) ) | AD32: =LET( skater, IFERROR(INDEX(AllProj, MATCH($E32, AllProjNames, 0), MATCH(AD$2, AllProjCats, 0) + 1), ""), goalie, IFERROR(INDEX(AllGProj, MATCH($E32, AllGProjNames, 0), MATCH(AD$2, AllGProjCats, 0) + 1), ""), val, IF(skater <> "", skater, goalie), IF(OR($E32="", AD$2="", val=""), "", val * AD$1) ) | AE32: =LET( skater, IFERROR(INDEX(AllProj, MATCH($E32, AllProjNames, 0), MATCH(AE$2, AllProjCats, 0) + 1), ""), goalie, IFERROR(INDEX(AllGProj, MATCH($E32, AllGProjNames, 0), MATCH(AE$2, AllGProjCats, 0) + 1), ""), val, IF(skater <> "", skater, goalie), IF(OR($E32="", AE$2="", val=""), "", val * AE$1) ) | AF32: =LET( skater, IFERROR(INDEX(AllProj, MATCH($E32, AllProjNames, 0), MATCH(AF$2, AllProjCats, 0) + 1), ""), goalie, IFERROR(INDEX(AllGProj, MATCH($E32, AllGProjNames, 0), MATCH(AF$2, AllGProjCats, 0) + 1), ""), val, IF(skater <> "", skater, goalie), IF(OR($E32="", AF$2="", val=""), "", val * AF$1) ) | AG32: =LET( skater, IFERROR(INDEX(AllProj, MATCH($E32, AllProjNames, 0), MATCH(AG$2, AllProjCats, 0) + 1), ""), goalie, IFERROR(INDEX(AllGProj, MATCH($E32, AllGProjNames, 0), MATCH(AG$2, AllGProjCats, 0) + 1), ""), val, IF(skater <> "", skater, goalie), IF(OR($E32="", AG$2="", val=""), "", val * AG$1) ) | AH32: =LET( skater, IFERROR(INDEX(AllProj, MATCH($E32, AllProjNames, 0), MATCH(AH$2, AllProjCats, 0) + 1), ""), goalie, IFERROR(INDEX(AllGProj, MATCH($E32, AllGProjNames, 0), MATCH(AH$2, AllGProjCats, 0) + 1), ""), val, IF(skater <> "", skater, goalie), IF(OR($E32="", AH$2="", val=""), "", val * AH$1) ) | AI32: =LET( skater, IFERROR(INDEX(AllProj, MATCH($E32, AllProjNames, 0), MATCH(AI$2, AllProjCats, 0) + 1), ""), goalie, IFERROR(INDEX(AllGProj, MATCH($E32, AllGProjNames, 0), MATCH(AI$2, AllGProjCats, 0) + 1), ""), val, IF(skater <> "", skater, goalie), IF(OR($E32="", AI$2="", val=""), "", val * AI$1) ) | AJ32: =LET( skater, IFERROR(INDEX(AllProj, MATCH($E32, AllProjNames, 0), MATCH(AJ$2, AllProjCats, 0) + 1), ""), goalie, IFERROR(INDEX(AllGProj, MATCH($E32, AllGProjNames, 0), MATCH(AJ$2, AllGProjCats, 0) + 1), ""), val, IF(skater <> "", skater, goalie), IF(OR($E32="", AJ$2="", val=""), "", val * AJ$1) ) | ... AP32: =LET( skater, IFERROR(INDEX(AllProj, MATCH($E32, AllProjNames, 0), MATCH(AP$2, AllProjCats, 0) + 1), ""), goalie, IFERROR(INDEX(AllGProj, MATCH($E32, AllGProjNames, 0), MATCH(AP$2, AllGProjCats, 0) + 1), ""), val, IF(skater <> "", skater, goalie), IF(OR($E32="", AP$2="", val=""), "", val * AP$1) ) | AQ32: 8482740
B33: FALSE | C33: =IF(D33="Undrafted",FALSE,True) -> TRUE | D33: Ilan | E33: Zach Werenski | F33: CBJ | G33: D | H33: 3.3300284 | I33: 8.8598872 | J33: D5 | K33: 29.2 | L33: 80.373529 | M33: 23 | N33: 6 | O33: 0.034207585 | P33: 2.2477446 | Q33: 0.22019606 | R33: -1.2658754 | S33: 1.0056458 | T33: -0.083524728 | U33: 2.4413467 | V33: 0 | W33: -2.0519485 | X33: 0.78223637 | AC33: =LET( skater, IFERROR(INDEX(AllProj, MATCH($E33, AllProjNames, 0), MATCH(AC$2, AllProjCats, 0) + 1), ""), goalie, IFERROR(INDEX(AllGProj, MATCH($E33, AllGProjNames, 0), MATCH(AC$2, AllGProjCats, 0) + 1), ""), val, IF(skater <> "", skater, goalie), IF(OR($E33="", AC$2="", val=""), "", val * AC$1) ) | AD33: =LET( skater, IFERROR(INDEX(AllProj, MATCH($E33, AllProjNames, 0), MATCH(AD$2, AllProjCats, 0) + 1), ""), goalie, IFERROR(INDEX(AllGProj, MATCH($E33, AllGProjNames, 0), MATCH(AD$2, AllGProjCats, 0) + 1), ""), val, IF(skater <> "", skater, goalie), IF(OR($E33="", AD$2="", val=""), "", val * AD$1) ) | AE33: =LET( skater, IFERROR(INDEX(AllProj, MATCH($E33, AllProjNames, 0), MATCH(AE$2, AllProjCats, 0) + 1), ""), goalie, IFERROR(INDEX(AllGProj, MATCH($E33, AllGProjNames, 0), MATCH(AE$2, AllGProjCats, 0) + 1), ""), val, IF(skater <> "", skater, goalie), IF(OR($E33="", AE$2="", val=""), "", val * AE$1) ) | AF33: =LET( skater, IFERROR(INDEX(AllProj, MATCH($E33, AllProjNames, 0), MATCH(AF$2, AllProjCats, 0) + 1), ""), goalie, IFERROR(INDEX(AllGProj, MATCH($E33, AllGProjNames, 0), MATCH(AF$2, AllGProjCats, 0) + 1), ""), val, IF(skater <> "", skater, goalie), IF(OR($E33="", AF$2="", val=""), "", val * AF$1) ) | AG33: =LET( skater, IFERROR(INDEX(AllProj, MATCH($E33, AllProjNames, 0), MATCH(AG$2, AllProjCats, 0) + 1), ""), goalie, IFERROR(INDEX(AllGProj, MATCH($E33, AllGProjNames, 0), MATCH(AG$2, AllGProjCats, 0) + 1), ""), val, IF(skater <> "", skater, goalie), IF(OR($E33="", AG$2="", val=""), "", val * AG$1) ) | AH33: =LET( skater, IFERROR(INDEX(AllProj, MATCH($E33, AllProjNames, 0), MATCH(AH$2, AllProjCats, 0) + 1), ""), goalie, IFERROR(INDEX(AllGProj, MATCH($E33, AllGProjNames, 0), MATCH(AH$2, AllGProjCats, 0) + 1), ""), val, IF(skater <> "", skater, goalie), IF(OR($E33="", AH$2="", val=""), "", val * AH$1) ) | AI33: =LET( skater, IFERROR(INDEX(AllProj, MATCH($E33, AllProjNames, 0), MATCH(AI$2, AllProjCats, 0) + 1), ""), goalie, IFERROR(INDEX(AllGProj, MATCH($E33, AllGProjNames, 0), MATCH(AI$2, AllGProjCats, 0) + 1), ""), val, IF(skater <> "", skater, goalie), IF(OR($E33="", AI$2="", val=""), "", val * AI$1) ) | AJ33: =LET( skater, IFERROR(INDEX(AllProj, MATCH($E33, AllProjNames, 0), MATCH(AJ$2, AllProjCats, 0) + 1), ""), goalie, IFERROR(INDEX(AllGProj, MATCH($E33, AllGProjNames, 0), MATCH(AJ$2, AllGProjCats, 0) + 1), ""), val, IF(skater <> "", skater, goalie), IF(OR($E33="", AJ$2="", val=""), "", val * AJ$1) ) | ... AP33: =LET( skater, IFERROR(INDEX(AllProj, MATCH($E33, AllProjNames, 0), MATCH(AP$2, AllProjCats, 0) + 1), ""), goalie, IFERROR(INDEX(AllGProj, MATCH($E33, AllGProjNames, 0), MATCH(AP$2, AllGProjCats, 0) + 1), ""), val, IF(skater <> "", skater, goalie), IF(OR($E33="", AP$2="", val=""), "", val * AP$1) ) | AQ33: 8478460
B34: FALSE | C34: =IF(D34="Undrafted",FALSE,True) -> TRUE | D34: Henry | E34: Nico Hischier | F34: NJD | G34: C | H34: 3.2929154 | I34: 8.3309814 | J34: C12 | K34: 27.7 | L34: 80.817794 | M34: 24 | N34: 7 | O34: 1.2591641 | P34: 0.65145001 | Q34: -0.38647922 | R34: -1.4333792 | S34: 1.1715802 | T34: 0.29695914 | U34: 0.8615318 | V34: 3.3335183 | W34: -1.578292 | X34: -0.88313765 | AC34: =LET( skater, IFERROR(INDEX(AllProj, MATCH($E34, AllProjNames, 0), MATCH(AC$2, AllProjCats, 0) + 1), ""), goalie, IFERROR(INDEX(AllGProj, MATCH($E34, AllGProjNames, 0), MATCH(AC$2, AllGProjCats, 0) + 1), ""), val, IF(skater <> "", skater, goalie), IF(OR($E34="", AC$2="", val=""), "", val * AC$1) ) | AD34: =LET( skater, IFERROR(INDEX(AllProj, MATCH($E34, AllProjNames, 0), MATCH(AD$2, AllProjCats, 0) + 1), ""), goalie, IFERROR(INDEX(AllGProj, MATCH($E34, AllGProjNames, 0), MATCH(AD$2, AllGProjCats, 0) + 1), ""), val, IF(skater <> "", skater, goalie), IF(OR($E34="", AD$2="", val=""), "", val * AD$1) ) | AE34: =LET( skater, IFERROR(INDEX(AllProj, MATCH($E34, AllProjNames, 0), MATCH(AE$2, AllProjCats, 0) + 1), ""), goalie, IFERROR(INDEX(AllGProj, MATCH($E34, AllGProjNames, 0), MATCH(AE$2, AllGProjCats, 0) + 1), ""), val, IF(skater <> "", skater, goalie), IF(OR($E34="", AE$2="", val=""), "", val * AE$1) ) | AF34: =LET( skater, IFERROR(INDEX(AllProj, MATCH($E34, AllProjNames, 0), MATCH(AF$2, AllProjCats, 0) + 1), ""), goalie, IFERROR(INDEX(AllGProj, MATCH($E34, AllGProjNames, 0), MATCH(AF$2, AllGProjCats, 0) + 1), ""), val, IF(skater <> "", skater, goalie), IF(OR($E34="", AF$2="", val=""), "", val * AF$1) ) | AG34: =LET( skater, IFERROR(INDEX(AllProj, MATCH($E34, AllProjNames, 0), MATCH(AG$2, AllProjCats, 0) + 1), ""), goalie, IFERROR(INDEX(AllGProj, MATCH($E34, AllGProjNames, 0), MATCH(AG$2, AllGProjCats, 0) + 1), ""), val, IF(skater <> "", skater, goalie), IF(OR($E34="", AG$2="", val=""), "", val * AG$1) ) | AH34: =LET( skater, IFERROR(INDEX(AllProj, MATCH($E34, AllProjNames, 0), MATCH(AH$2, AllProjCats, 0) + 1), ""), goalie, IFERROR(INDEX(AllGProj, MATCH($E34, AllGProjNames, 0), MATCH(AH$2, AllGProjCats, 0) + 1), ""), val, IF(skater <> "", skater, goalie), IF(OR($E34="", AH$2="", val=""), "", val * AH$1) ) | AI34: =LET( skater, IFERROR(INDEX(AllProj, MATCH($E34, AllProjNames, 0), MATCH(AI$2, AllProjCats, 0) + 1), ""), goalie, IFERROR(INDEX(AllGProj, MATCH($E34, AllGProjNames, 0), MATCH(AI$2, AllGProjCats, 0) + 1), ""), val, IF(skater <> "", skater, goalie), IF(OR($E34="", AI$2="", val=""), "", val * AI$1) ) | AJ34: =LET( skater, IFERROR(INDEX(AllProj, MATCH($E34, AllProjNames, 0), MATCH(AJ$2, AllProjCats, 0) + 1), ""), goalie, IFERROR(INDEX(AllGProj, MATCH($E34, AllGProjNames, 0), MATCH(AJ$2, AllGProjCats, 0) + 1), ""), val, IF(skater <> "", skater, goalie), IF(OR($E34="", AJ$2="", val=""), "", val * AJ$1) ) | ... AP34: =LET( skater, IFERROR(INDEX(AllProj, MATCH($E34, AllProjNames, 0), MATCH(AP$2, AllProjCats, 0) + 1), ""), goalie, IFERROR(INDEX(AllGProj, MATCH($E34, AllGProjNames, 0), MATCH(AP$2, AllGProjCats, 0) + 1), ""), val, IF(skater <> "", skater, goalie), IF(OR($E34="", AP$2="", val=""), "", val * AP$1) ) | AQ34: 8480002
B35: FALSE | C35: =IF(D35="Undrafted",FALSE,True) -> TRUE | D35: Ryan | E35: Jake Guentzel | F35: TBL | G35: LW | H35: 3.0913987 | I35: 8.4792788 | J35: L9 | K35: 31.9 | L35: 81.190147 | M35: 16 | N35: 6 | O35: 1.8365366 | P35: 1.1370603 | Q35: 1.6478511 | R35: -0.5979118 | S35: 1.5751742 | T35: -0.36723618 | U35: 1.1314503 | V35: 0 | W35: -1.8680487 | X35: -1.4034772 | AC35: =LET( skater, IFERROR(INDEX(AllProj, MATCH($E35, AllProjNames, 0), MATCH(AC$2, AllProjCats, 0) + 1), ""), goalie, IFERROR(INDEX(AllGProj, MATCH($E35, AllGProjNames, 0), MATCH(AC$2, AllGProjCats, 0) + 1), ""), val, IF(skater <> "", skater, goalie), IF(OR($E35="", AC$2="", val=""), "", val * AC$1) ) | AD35: =LET( skater, IFERROR(INDEX(AllProj, MATCH($E35, AllProjNames, 0), MATCH(AD$2, AllProjCats, 0) + 1), ""), goalie, IFERROR(INDEX(AllGProj, MATCH($E35, AllGProjNames, 0), MATCH(AD$2, AllGProjCats, 0) + 1), ""), val, IF(skater <> "", skater, goalie), IF(OR($E35="", AD$2="", val=""), "", val * AD$1) ) | AE35: =LET( skater, IFERROR(INDEX(AllProj, MATCH($E35, AllProjNames, 0), MATCH(AE$2, AllProjCats, 0) + 1), ""), goalie, IFERROR(INDEX(AllGProj, MATCH($E35, AllGProjNames, 0), MATCH(AE$2, AllGProjCats, 0) + 1), ""), val, IF(skater <> "", skater, goalie), IF(OR($E35="", AE$2="", val=""), "", val * AE$1) ) | AF35: =LET( skater, IFERROR(INDEX(AllProj, MATCH($E35, AllProjNames, 0), MATCH(AF$2, AllProjCats, 0) + 1), ""), goalie, IFERROR(INDEX(AllGProj, MATCH($E35, AllGProjNames, 0), MATCH(AF$2, AllGProjCats, 0) + 1), ""), val, IF(skater <> "", skater, goalie), IF(OR($E35="", AF$2="", val=""), "", val * AF$1) ) | AG35: =LET( skater, IFERROR(INDEX(AllProj, MATCH($E35, AllProjNames, 0), MATCH(AG$2, AllProjCats, 0) + 1), ""), goalie, IFERROR(INDEX(AllGProj, MATCH($E35, AllGProjNames, 0), MATCH(AG$2, AllGProjCats, 0) + 1), ""), val, IF(skater <> "", skater, goalie), IF(OR($E35="", AG$2="", val=""), "", val * AG$1) ) | AH35: =LET( skater, IFERROR(INDEX(AllProj, MATCH($E35, AllProjNames, 0), MATCH(AH$2, AllProjCats, 0) + 1), ""), goalie, IFERROR(INDEX(AllGProj, MATCH($E35, AllGProjNames, 0), MATCH(AH$2, AllGProjCats, 0) + 1), ""), val, IF(skater <> "", skater, goalie), IF(OR($E35="", AH$2="", val=""), "", val * AH$1) ) | AI35: =LET( skater, IFERROR(INDEX(AllProj, MATCH($E35, AllProjNames, 0), MATCH(AI$2, AllProjCats, 0) + 1), ""), goalie, IFERROR(INDEX(AllGProj, MATCH($E35, AllGProjNames, 0), MATCH(AI$2, AllGProjCats, 0) + 1), ""), val, IF(skater <> "", skater, goalie), IF(OR($E35="", AI$2="", val=""), "", val * AI$1) ) | AJ35: =LET( skater, IFERROR(INDEX(AllProj, MATCH($E35, AllProjNames, 0), MATCH(AJ$2, AllProjCats, 0) + 1), ""), goalie, IFERROR(INDEX(AllGProj, MATCH($E35, AllGProjNames, 0), MATCH(AJ$2, AllGProjCats, 0) + 1), ""), val, IF(skater <> "", skater, goalie), IF(OR($E35="", AJ$2="", val=""), "", val * AJ$1) ) | ... AP35: =LET( skater, IFERROR(INDEX(AllProj, MATCH($E35, AllProjNames, 0), MATCH(AP$2, AllProjCats, 0) + 1), ""), goalie, IFERROR(INDEX(AllGProj, MATCH($E35, AllGProjNames, 0), MATCH(AP$2, AllGProjCats, 0) + 1), ""), val, IF(skater <> "", skater, goalie), IF(OR($E35="", AP$2="", val=""), "", val * AP$1) ) | AQ35: 8477404
B36: FALSE | C36: =IF(D36="Undrafted",FALSE,True) -> TRUE | D36: Lev | E36: Sam Reinhart | F36: FLA | G36: C,RW | H36: 2.9720296 | I36: 8.4141672 | J36: C13 R11 | K36: 30.9 | L36: 80.192206 | M36: 29 | N36: 7 | O36: 2.3133389 | P36: 0.50561864 | Q36: -0.56441775 | R36: -1.5491104 | S36: 1.615126 | T36: 1.6996433 | U36: 0.99990073 | V36: 0 | W36: -0.98177271 | X36: -1.0662973 | AC36: =LET( skater, IFERROR(INDEX(AllProj, MATCH($E36, AllProjNames, 0), MATCH(AC$2, AllProjCats, 0) + 1), ""), goalie, IFERROR(INDEX(AllGProj, MATCH($E36, AllGProjNames, 0), MATCH(AC$2, AllGProjCats, 0) + 1), ""), val, IF(skater <> "", skater, goalie), IF(OR($E36="", AC$2="", val=""), "", val * AC$1) ) | AD36: =LET( skater, IFERROR(INDEX(AllProj, MATCH($E36, AllProjNames, 0), MATCH(AD$2, AllProjCats, 0) + 1), ""), goalie, IFERROR(INDEX(AllGProj, MATCH($E36, AllGProjNames, 0), MATCH(AD$2, AllGProjCats, 0) + 1), ""), val, IF(skater <> "", skater, goalie), IF(OR($E36="", AD$2="", val=""), "", val * AD$1) ) | AE36: =LET( skater, IFERROR(INDEX(AllProj, MATCH($E36, AllProjNames, 0), MATCH(AE$2, AllProjCats, 0) + 1), ""), goalie, IFERROR(INDEX(AllGProj, MATCH($E36, AllGProjNames, 0), MATCH(AE$2, AllGProjCats, 0) + 1), ""), val, IF(skater <> "", skater, goalie), IF(OR($E36="", AE$2="", val=""), "", val * AE$1) ) | AF36: =LET( skater, IFERROR(INDEX(AllProj, MATCH($E36, AllProjNames, 0), MATCH(AF$2, AllProjCats, 0) + 1), ""), goalie, IFERROR(INDEX(AllGProj, MATCH($E36, AllGProjNames, 0), MATCH(AF$2, AllGProjCats, 0) + 1), ""), val, IF(skater <> "", skater, goalie), IF(OR($E36="", AF$2="", val=""), "", val * AF$1) ) | AG36: =LET( skater, IFERROR(INDEX(AllProj, MATCH($E36, AllProjNames, 0), MATCH(AG$2, AllProjCats, 0) + 1), ""), goalie, IFERROR(INDEX(AllGProj, MATCH($E36, AllGProjNames, 0), MATCH(AG$2, AllGProjCats, 0) + 1), ""), val, IF(skater <> "", skater, goalie), IF(OR($E36="", AG$2="", val=""), "", val * AG$1) ) | AH36: =LET( skater, IFERROR(INDEX(AllProj, MATCH($E36, AllProjNames, 0), MATCH(AH$2, AllProjCats, 0) + 1), ""), goalie, IFERROR(INDEX(AllGProj, MATCH($E36, AllGProjNames, 0), MATCH(AH$2, AllGProjCats, 0) + 1), ""), val, IF(skater <> "", skater, goalie), IF(OR($E36="", AH$2="", val=""), "", val * AH$1) ) | AI36: =LET( skater, IFERROR(INDEX(AllProj, MATCH($E36, AllProjNames, 0), MATCH(AI$2, AllProjCats, 0) + 1), ""), goalie, IFERROR(INDEX(AllGProj, MATCH($E36, AllGProjNames, 0), MATCH(AI$2, AllGProjCats, 0) + 1), ""), val, IF(skater <> "", skater, goalie), IF(OR($E36="", AI$2="", val=""), "", val * AI$1) ) | AJ36: =LET( skater, IFERROR(INDEX(AllProj, MATCH($E36, AllProjNames, 0), MATCH(AJ$2, AllProjCats, 0) + 1), ""), goalie, IFERROR(INDEX(AllGProj, MATCH($E36, AllGProjNames, 0), MATCH(AJ$2, AllGProjCats, 0) + 1), ""), val, IF(skater <> "", skater, goalie), IF(OR($E36="", AJ$2="", val=""), "", val * AJ$1) ) | ... AP36: =LET( skater, IFERROR(INDEX(AllProj, MATCH($E36, AllProjNames, 0), MATCH(AP$2, AllProjCats, 0) + 1), ""), goalie, IFERROR(INDEX(AllGProj, MATCH($E36, AllGProjNames, 0), MATCH(AP$2, AllGProjCats, 0) + 1), ""), val, IF(skater <> "", skater, goalie), IF(OR($E36="", AP$2="", val=""), "", val * AP$1) ) | AQ36: 8477933
B37: FALSE | C37: =IF(D37="Undrafted",FALSE,True) -> TRUE | D37: Lev | E37: Alex Tuch | F37: WSH | G37: RW | H37: 2.9497661 | I37: 8.3919037 | J37: R12 | K37: 30.3 | L37: 81.434853 | M37: 33 | N37: 8 | O37: 1.1231609 | P37: 0.0086730926 | Q37: 0.65138819 | R37: 0.20175645 | S37: -0.53813844 | T37: 1.8552575 | U37: 0.62763475 | V37: 0 | W37: -1.059662 | X37: 0.07969562 | AC37: =LET( skater, IFERROR(INDEX(AllProj, MATCH($E37, AllProjNames, 0), MATCH(AC$2, AllProjCats, 0) + 1), ""), goalie, IFERROR(INDEX(AllGProj, MATCH($E37, AllGProjNames, 0), MATCH(AC$2, AllGProjCats, 0) + 1), ""), val, IF(skater <> "", skater, goalie), IF(OR($E37="", AC$2="", val=""), "", val * AC$1) ) | AD37: =LET( skater, IFERROR(INDEX(AllProj, MATCH($E37, AllProjNames, 0), MATCH(AD$2, AllProjCats, 0) + 1), ""), goalie, IFERROR(INDEX(AllGProj, MATCH($E37, AllGProjNames, 0), MATCH(AD$2, AllGProjCats, 0) + 1), ""), val, IF(skater <> "", skater, goalie), IF(OR($E37="", AD$2="", val=""), "", val * AD$1) ) | AE37: =LET( skater, IFERROR(INDEX(AllProj, MATCH($E37, AllProjNames, 0), MATCH(AE$2, AllProjCats, 0) + 1), ""), goalie, IFERROR(INDEX(AllGProj, MATCH($E37, AllGProjNames, 0), MATCH(AE$2, AllGProjCats, 0) + 1), ""), val, IF(skater <> "", skater, goalie), IF(OR($E37="", AE$2="", val=""), "", val * AE$1) ) | AF37: =LET( skater, IFERROR(INDEX(AllProj, MATCH($E37, AllProjNames, 0), MATCH(AF$2, AllProjCats, 0) + 1), ""), goalie, IFERROR(INDEX(AllGProj, MATCH($E37, AllGProjNames, 0), MATCH(AF$2, AllGProjCats, 0) + 1), ""), val, IF(skater <> "", skater, goalie), IF(OR($E37="", AF$2="", val=""), "", val * AF$1) ) | AG37: =LET( skater, IFERROR(INDEX(AllProj, MATCH($E37, AllProjNames, 0), MATCH(AG$2, AllProjCats, 0) + 1), ""), goalie, IFERROR(INDEX(AllGProj, MATCH($E37, AllGProjNames, 0), MATCH(AG$2, AllGProjCats, 0) + 1), ""), val, IF(skater <> "", skater, goalie), IF(OR($E37="", AG$2="", val=""), "", val * AG$1) ) | AH37: =LET( skater, IFERROR(INDEX(AllProj, MATCH($E37, AllProjNames, 0), MATCH(AH$2, AllProjCats, 0) + 1), ""), goalie, IFERROR(INDEX(AllGProj, MATCH($E37, AllGProjNames, 0), MATCH(AH$2, AllGProjCats, 0) + 1), ""), val, IF(skater <> "", skater, goalie), IF(OR($E37="", AH$2="", val=""), "", val * AH$1) ) | AI37: =LET( skater, IFERROR(INDEX(AllProj, MATCH($E37, AllProjNames, 0), MATCH(AI$2, AllProjCats, 0) + 1), ""), goalie, IFERROR(INDEX(AllGProj, MATCH($E37, AllGProjNames, 0), MATCH(AI$2, AllGProjCats, 0) + 1), ""), val, IF(skater <> "", skater, goalie), IF(OR($E37="", AI$2="", val=""), "", val * AI$1) ) | AJ37: =LET( skater, IFERROR(INDEX(AllProj, MATCH($E37, AllProjNames, 0), MATCH(AJ$2, AllProjCats, 0) + 1), ""), goalie, IFERROR(INDEX(AllGProj, MATCH($E37, AllGProjNames, 0), MATCH(AJ$2, AllGProjCats, 0) + 1), ""), val, IF(skater <> "", skater, goalie), IF(OR($E37="", AJ$2="", val=""), "", val * AJ$1) ) | ... AP37: =LET( skater, IFERROR(INDEX(AllProj, MATCH($E37, AllProjNames, 0), MATCH(AP$2, AllProjCats, 0) + 1), ""), goalie, IFERROR(INDEX(AllGProj, MATCH($E37, AllGProjNames, 0), MATCH(AP$2, AllGProjCats, 0) + 1), ""), val, IF(skater <> "", skater, goalie), IF(OR($E37="", AP$2="", val=""), "", val * AP$1) ) | AQ37: 8477949
B38: FALSE | C38: =IF(D38="Undrafted",FALSE,True) -> TRUE | D38: Harley | E38: Ilya Sorokin | F38: NYI | G38: G | H38: 2.937989 | I38: 7.2762119 | J38: G6 | K38: 31.1 | L38: 58 | M38: 25 | N38: 6 | Y38: 0.84745533 | Z38: -0.20361188 | AA38: 0.91347094 | AB38: 1.3806746 | AC38: =LET( skater, IFERROR(INDEX(AllProj, MATCH($E38, AllProjNames, 0), MATCH(AC$2, AllProjCats, 0) + 1), ""), goalie, IFERROR(INDEX(AllGProj, MATCH($E38, AllGProjNames, 0), MATCH(AC$2, AllGProjCats, 0) + 1), ""), val, IF(skater <> "", skater, goalie), IF(OR($E38="", AC$2="", val=""), "", val * AC$1) ) | AD38: =LET( skater, IFERROR(INDEX(AllProj, MATCH($E38, AllProjNames, 0), MATCH(AD$2, AllProjCats, 0) + 1), ""), goalie, IFERROR(INDEX(AllGProj, MATCH($E38, AllGProjNames, 0), MATCH(AD$2, AllGProjCats, 0) + 1), ""), val, IF(skater <> "", skater, goalie), IF(OR($E38="", AD$2="", val=""), "", val * AD$1) ) | AE38: =LET( skater, IFERROR(INDEX(AllProj, MATCH($E38, AllProjNames, 0), MATCH(AE$2, AllProjCats, 0) + 1), ""), goalie, IFERROR(INDEX(AllGProj, MATCH($E38, AllGProjNames, 0), MATCH(AE$2, AllGProjCats, 0) + 1), ""), val, IF(skater <> "", skater, goalie), IF(OR($E38="", AE$2="", val=""), "", val * AE$1) ) | AF38: =LET( skater, IFERROR(INDEX(AllProj, MATCH($E38, AllProjNames, 0), MATCH(AF$2, AllProjCats, 0) + 1), ""), goalie, IFERROR(INDEX(AllGProj, MATCH($E38, AllGProjNames, 0), MATCH(AF$2, AllGProjCats, 0) + 1), ""), val, IF(skater <> "", skater, goalie), IF(OR($E38="", AF$2="", val=""), "", val * AF$1) ) | AG38: =LET( skater, IFERROR(INDEX(AllProj, MATCH($E38, AllProjNames, 0), MATCH(AG$2, AllProjCats, 0) + 1), ""), goalie, IFERROR(INDEX(AllGProj, MATCH($E38, AllGProjNames, 0), MATCH(AG$2, AllGProjCats, 0) + 1), ""), val, IF(skater <> "", skater, goalie), IF(OR($E38="", AG$2="", val=""), "", val * AG$1) ) | AH38: =LET( skater, IFERROR(INDEX(AllProj, MATCH($E38, AllProjNames, 0), MATCH(AH$2, AllProjCats, 0) + 1), ""), goalie, IFERROR(INDEX(AllGProj, MATCH($E38, AllGProjNames, 0), MATCH(AH$2, AllGProjCats, 0) + 1), ""), val, IF(skater <> "", skater, goalie), IF(OR($E38="", AH$2="", val=""), "", val * AH$1) ) | AI38: =LET( skater, IFERROR(INDEX(AllProj, MATCH($E38, AllProjNames, 0), MATCH(AI$2, AllProjCats, 0) + 1), ""), goalie, IFERROR(INDEX(AllGProj, MATCH($E38, AllGProjNames, 0), MATCH(AI$2, AllGProjCats, 0) + 1), ""), val, IF(skater <> "", skater, goalie), IF(OR($E38="", AI$2="", val=""), "", val * AI$1) ) | AJ38: =LET( skater, IFERROR(INDEX(AllProj, MATCH($E38, AllProjNames, 0), MATCH(AJ$2, AllProjCats, 0) + 1), ""), goalie, IFERROR(INDEX(AllGProj, MATCH($E38, AllGProjNames, 0), MATCH(AJ$2, AllGProjCats, 0) + 1), ""), val, IF(skater <> "", skater, goalie), IF(OR($E38="", AJ$2="", val=""), "", val * AJ$1) ) | ... AP38: =LET( skater, IFERROR(INDEX(AllProj, MATCH($E38, AllProjNames, 0), MATCH(AP$2, AllProjCats, 0) + 1), ""), goalie, IFERROR(INDEX(AllGProj, MATCH($E38, AllGProjNames, 0), MATCH(AP$2, AllGProjCats, 0) + 1), ""), val, IF(skater <> "", skater, goalie), IF(OR($E38="", AP$2="", val=""), "", val * AP$1) ) | AQ38: 8478009
B39: FALSE | C39: =IF(D39="Undrafted",FALSE,True) -> TRUE | D39: Ilan | E39: Jeremy Swayman | F39: BOS | G39: G | H39: 2.8511712 | I39: 7.1893942 | J39: G7 | K39: 27.8 | L39: 56.2 | M39: 23 | N39: 6 | Y39: 0.82339223 | Z39: 0.55345217 | AA39: 0.94104488 | AB39: 0.5332819 | AC39: =LET( skater, IFERROR(INDEX(AllProj, MATCH($E39, AllProjNames, 0), MATCH(AC$2, AllProjCats, 0) + 1), ""), goalie, IFERROR(INDEX(AllGProj, MATCH($E39, AllGProjNames, 0), MATCH(AC$2, AllGProjCats, 0) + 1), ""), val, IF(skater <> "", skater, goalie), IF(OR($E39="", AC$2="", val=""), "", val * AC$1) ) | AD39: =LET( skater, IFERROR(INDEX(AllProj, MATCH($E39, AllProjNames, 0), MATCH(AD$2, AllProjCats, 0) + 1), ""), goalie, IFERROR(INDEX(AllGProj, MATCH($E39, AllGProjNames, 0), MATCH(AD$2, AllGProjCats, 0) + 1), ""), val, IF(skater <> "", skater, goalie), IF(OR($E39="", AD$2="", val=""), "", val * AD$1) ) | AE39: =LET( skater, IFERROR(INDEX(AllProj, MATCH($E39, AllProjNames, 0), MATCH(AE$2, AllProjCats, 0) + 1), ""), goalie, IFERROR(INDEX(AllGProj, MATCH($E39, AllGProjNames, 0), MATCH(AE$2, AllGProjCats, 0) + 1), ""), val, IF(skater <> "", skater, goalie), IF(OR($E39="", AE$2="", val=""), "", val * AE$1) ) | AF39: =LET( skater, IFERROR(INDEX(AllProj, MATCH($E39, AllProjNames, 0), MATCH(AF$2, AllProjCats, 0) + 1), ""), goalie, IFERROR(INDEX(AllGProj, MATCH($E39, AllGProjNames, 0), MATCH(AF$2, AllGProjCats, 0) + 1), ""), val, IF(skater <> "", skater, goalie), IF(OR($E39="", AF$2="", val=""), "", val * AF$1) ) | AG39: =LET( skater, IFERROR(INDEX(AllProj, MATCH($E39, AllProjNames, 0), MATCH(AG$2, AllProjCats, 0) + 1), ""), goalie, IFERROR(INDEX(AllGProj, MATCH($E39, AllGProjNames, 0), MATCH(AG$2, AllGProjCats, 0) + 1), ""), val, IF(skater <> "", skater, goalie), IF(OR($E39="", AG$2="", val=""), "", val * AG$1) ) | AH39: =LET( skater, IFERROR(INDEX(AllProj, MATCH($E39, AllProjNames, 0), MATCH(AH$2, AllProjCats, 0) + 1), ""), goalie, IFERROR(INDEX(AllGProj, MATCH($E39, AllGProjNames, 0), MATCH(AH$2, AllGProjCats, 0) + 1), ""), val, IF(skater <> "", skater, goalie), IF(OR($E39="", AH$2="", val=""), "", val * AH$1) ) | AI39: =LET( skater, IFERROR(INDEX(AllProj, MATCH($E39, AllProjNames, 0), MATCH(AI$2, AllProjCats, 0) + 1), ""), goalie, IFERROR(INDEX(AllGProj, MATCH($E39, AllGProjNames, 0), MATCH(AI$2, AllGProjCats, 0) + 1), ""), val, IF(skater <> "", skater, goalie), IF(OR($E39="", AI$2="", val=""), "", val * AI$1) ) | AJ39: =LET( skater, IFERROR(INDEX(AllProj, MATCH($E39, AllProjNames, 0), MATCH(AJ$2, AllProjCats, 0) + 1), ""), goalie, IFERROR(INDEX(AllGProj, MATCH($E39, AllGProjNames, 0), MATCH(AJ$2, AllGProjCats, 0) + 1), ""), val, IF(skater <> "", skater, goalie), IF(OR($E39="", AJ$2="", val=""), "", val * AJ$1) ) | ... AP39: =LET( skater, IFERROR(INDEX(AllProj, MATCH($E39, AllProjNames, 0), MATCH(AP$2, AllProjCats, 0) + 1), ""), goalie, IFERROR(INDEX(AllGProj, MATCH($E39, AllGProjNames, 0), MATCH(AP$2, AllGProjCats, 0) + 1), ""), val, IF(skater <> "", skater, goalie), IF(OR($E39="", AP$2="", val=""), "", val * AP$1) ) | AQ39: 8480280
B40: FALSE | C40: =IF(D40="Undrafted",FALSE,True) -> TRUE | D40: Henry | E40: Jack Hughes | F40: NJD | G40: C,LW | H40: 2.7670856 | I40: 8.1549657 | J40: C14 L10 | K40: 25.3 | L40: 74.979853 | M40: 24 | N40: 7 | O40: 1.7612915 | P40: 2.0763488 | Q40: 0.31700935 | R40: -1.8118963 | S40: 1.883223 | T40: -0.13646456 | U40: 2.7242555 | V40: 0 | W40: -2.4620992 | X40: -1.5845824 | AC40: =LET( skater, IFERROR(INDEX(AllProj, MATCH($E40, AllProjNames, 0), MATCH(AC$2, AllProjCats, 0) + 1), ""), goalie, IFERROR(INDEX(AllGProj, MATCH($E40, AllGProjNames, 0), MATCH(AC$2, AllGProjCats, 0) + 1), ""), val, IF(skater <> "", skater, goalie), IF(OR($E40="", AC$2="", val=""), "", val * AC$1) ) | AD40: =LET( skater, IFERROR(INDEX(AllProj, MATCH($E40, AllProjNames, 0), MATCH(AD$2, AllProjCats, 0) + 1), ""), goalie, IFERROR(INDEX(AllGProj, MATCH($E40, AllGProjNames, 0), MATCH(AD$2, AllGProjCats, 0) + 1), ""), val, IF(skater <> "", skater, goalie), IF(OR($E40="", AD$2="", val=""), "", val * AD$1) ) | AE40: =LET( skater, IFERROR(INDEX(AllProj, MATCH($E40, AllProjNames, 0), MATCH(AE$2, AllProjCats, 0) + 1), ""), goalie, IFERROR(INDEX(AllGProj, MATCH($E40, AllGProjNames, 0), MATCH(AE$2, AllGProjCats, 0) + 1), ""), val, IF(skater <> "", skater, goalie), IF(OR($E40="", AE$2="", val=""), "", val * AE$1) ) | AF40: =LET( skater, IFERROR(INDEX(AllProj, MATCH($E40, AllProjNames, 0), MATCH(AF$2, AllProjCats, 0) + 1), ""), goalie, IFERROR(INDEX(AllGProj, MATCH($E40, AllGProjNames, 0), MATCH(AF$2, AllGProjCats, 0) + 1), ""), val, IF(skater <> "", skater, goalie), IF(OR($E40="", AF$2="", val=""), "", val * AF$1) ) | AG40: =LET( skater, IFERROR(INDEX(AllProj, MATCH($E40, AllProjNames, 0), MATCH(AG$2, AllProjCats, 0) + 1), ""), goalie, IFERROR(INDEX(AllGProj, MATCH($E40, AllGProjNames, 0), MATCH(AG$2, AllGProjCats, 0) + 1), ""), val, IF(skater <> "", skater, goalie), IF(OR($E40="", AG$2="", val=""), "", val * AG$1) ) | AH40: =LET( skater, IFERROR(INDEX(AllProj, MATCH($E40, AllProjNames, 0), MATCH(AH$2, AllProjCats, 0) + 1), ""), goalie, IFERROR(INDEX(AllGProj, MATCH($E40, AllGProjNames, 0), MATCH(AH$2, AllGProjCats, 0) + 1), ""), val, IF(skater <> "", skater, goalie), IF(OR($E40="", AH$2="", val=""), "", val * AH$1) ) | AI40: =LET( skater, IFERROR(INDEX(AllProj, MATCH($E40, AllProjNames, 0), MATCH(AI$2, AllProjCats, 0) + 1), ""), goalie, IFERROR(INDEX(AllGProj, MATCH($E40, AllGProjNames, 0), MATCH(AI$2, AllGProjCats, 0) + 1), ""), val, IF(skater <> "", skater, goalie), IF(OR($E40="", AI$2="", val=""), "", val * AI$1) ) | AJ40: =LET( skater, IFERROR(INDEX(AllProj, MATCH($E40, AllProjNames, 0), MATCH(AJ$2, AllProjCats, 0) + 1), ""), goalie, IFERROR(INDEX(AllGProj, MATCH($E40, AllGProjNames, 0), MATCH(AJ$2, AllGProjCats, 0) + 1), ""), val, IF(skater <> "", skater, goalie), IF(OR($E40="", AJ$2="", val=""), "", val * AJ$1) ) | ... AP40: =LET( skater, IFERROR(INDEX(AllProj, MATCH($E40, AllProjNames, 0), MATCH(AP$2, AllProjCats, 0) + 1), ""), goalie, IFERROR(INDEX(AllGProj, MATCH($E40, AllGProjNames, 0), MATCH(AP$2, AllGProjCats, 0) + 1), ""), val, IF(skater <> "", skater, goalie), IF(OR($E40="", AP$2="", val=""), "", val * AP$1) ) | AQ40: 8481559
B41: FALSE | C41: =IF(D41="Undrafted",FALSE,True) -> TRUE | D41: Harley | E41: Quinn Hughes | F41: MIN | G41: D | H41: 2.7050944 | I41: 8.2349531 | J41: D6 | K41: 26.9 | L41: 79.532647 | M41: 24 | N41: 7 | O41: -0.86152095 | P41: 3.4844267 | Q41: 0.49758507 | R41: -0.65965004 | S41: 2.6671402 | T41: -0.78469599 | U41: 0.85412112 | V41: 0 | W41: -2.3720171 | X41: -0.12029461 | AC41: =LET( skater, IFERROR(INDEX(AllProj, MATCH($E41, AllProjNames, 0), MATCH(AC$2, AllProjCats, 0) + 1), ""), goalie, IFERROR(INDEX(AllGProj, MATCH($E41, AllGProjNames, 0), MATCH(AC$2, AllGProjCats, 0) + 1), ""), val, IF(skater <> "", skater, goalie), IF(OR($E41="", AC$2="", val=""), "", val * AC$1) ) | AD41: =LET( skater, IFERROR(INDEX(AllProj, MATCH($E41, AllProjNames, 0), MATCH(AD$2, AllProjCats, 0) + 1), ""), goalie, IFERROR(INDEX(AllGProj, MATCH($E41, AllGProjNames, 0), MATCH(AD$2, AllGProjCats, 0) + 1), ""), val, IF(skater <> "", skater, goalie), IF(OR($E41="", AD$2="", val=""), "", val * AD$1) ) | AE41: =LET( skater, IFERROR(INDEX(AllProj, MATCH($E41, AllProjNames, 0), MATCH(AE$2, AllProjCats, 0) + 1), ""), goalie, IFERROR(INDEX(AllGProj, MATCH($E41, AllGProjNames, 0), MATCH(AE$2, AllGProjCats, 0) + 1), ""), val, IF(skater <> "", skater, goalie), IF(OR($E41="", AE$2="", val=""), "", val * AE$1) ) | AF41: =LET( skater, IFERROR(INDEX(AllProj, MATCH($E41, AllProjNames, 0), MATCH(AF$2, AllProjCats, 0) + 1), ""), goalie, IFERROR(INDEX(AllGProj, MATCH($E41, AllGProjNames, 0), MATCH(AF$2, AllGProjCats, 0) + 1), ""), val, IF(skater <> "", skater, goalie), IF(OR($E41="", AF$2="", val=""), "", val * AF$1) ) | AG41: =LET( skater, IFERROR(INDEX(AllProj, MATCH($E41, AllProjNames, 0), MATCH(AG$2, AllProjCats, 0) + 1), ""), goalie, IFERROR(INDEX(AllGProj, MATCH($E41, AllGProjNames, 0), MATCH(AG$2, AllGProjCats, 0) + 1), ""), val, IF(skater <> "", skater, goalie), IF(OR($E41="", AG$2="", val=""), "", val * AG$1) ) | AH41: =LET( skater, IFERROR(INDEX(AllProj, MATCH($E41, AllProjNames, 0), MATCH(AH$2, AllProjCats, 0) + 1), ""), goalie, IFERROR(INDEX(AllGProj, MATCH($E41, AllGProjNames, 0), MATCH(AH$2, AllGProjCats, 0) + 1), ""), val, IF(skater <> "", skater, goalie), IF(OR($E41="", AH$2="", val=""), "", val * AH$1) ) | AI41: =LET( skater, IFERROR(INDEX(AllProj, MATCH($E41, AllProjNames, 0), MATCH(AI$2, AllProjCats, 0) + 1), ""), goalie, IFERROR(INDEX(AllGProj, MATCH($E41, AllGProjNames, 0), MATCH(AI$2, AllGProjCats, 0) + 1), ""), val, IF(skater <> "", skater, goalie), IF(OR($E41="", AI$2="", val=""), "", val * AI$1) ) | AJ41: =LET( skater, IFERROR(INDEX(AllProj, MATCH($E41, AllProjNames, 0), MATCH(AJ$2, AllProjCats, 0) + 1), ""), goalie, IFERROR(INDEX(AllGProj, MATCH($E41, AllGProjNames, 0), MATCH(AJ$2, AllGProjCats, 0) + 1), ""), val, IF(skater <> "", skater, goalie), IF(OR($E41="", AJ$2="", val=""), "", val * AJ$1) ) | ... AP41: =LET( skater, IFERROR(INDEX(AllProj, MATCH($E41, AllProjNames, 0), MATCH(AP$2, AllProjCats, 0) + 1), ""), goalie, IFERROR(INDEX(AllGProj, MATCH($E41, AllGProjNames, 0), MATCH(AP$2, AllGProjCats, 0) + 1), ""), val, IF(skater <> "", skater, goalie), IF(OR($E41="", AP$2="", val=""), "", val * AP$1) ) | AQ41: 8480800
B42: FALSE | C42: =IF(D42="Undrafted",FALSE,True) -> TRUE | D42: Henry | E42: Tim Stützle | F42: OTT | G42: C,LW | H42: 2.6417048 | I42: 8.029585 | J42: C15 L11 | K42: 24.7 | L42: 82.525 | M42: 27 | N42: 6 | O42: 1.0764033 | P42: 1.5182533 | Q42: -0.60208146 | R42: -0.55869135 | S42: 1.5909973 | T42: 0.14707656 | U42: 0.5986959 | V42: 0.33195327 | W42: -0.13387567 | X42: -1.3270264 | AC42: =LET( skater, IFERROR(INDEX(AllProj, MATCH($E42, AllProjNames, 0), MATCH(AC$2, AllProjCats, 0) + 1), ""), goalie, IFERROR(INDEX(AllGProj, MATCH($E42, AllGProjNames, 0), MATCH(AC$2, AllGProjCats, 0) + 1), ""), val, IF(skater <> "", skater, goalie), IF(OR($E42="", AC$2="", val=""), "", val * AC$1) ) | AD42: =LET( skater, IFERROR(INDEX(AllProj, MATCH($E42, AllProjNames, 0), MATCH(AD$2, AllProjCats, 0) + 1), ""), goalie, IFERROR(INDEX(AllGProj, MATCH($E42, AllGProjNames, 0), MATCH(AD$2, AllGProjCats, 0) + 1), ""), val, IF(skater <> "", skater, goalie), IF(OR($E42="", AD$2="", val=""), "", val * AD$1) ) | AE42: =LET( skater, IFERROR(INDEX(AllProj, MATCH($E42, AllProjNames, 0), MATCH(AE$2, AllProjCats, 0) + 1), ""), goalie, IFERROR(INDEX(AllGProj, MATCH($E42, AllGProjNames, 0), MATCH(AE$2, AllGProjCats, 0) + 1), ""), val, IF(skater <> "", skater, goalie), IF(OR($E42="", AE$2="", val=""), "", val * AE$1) ) | AF42: =LET( skater, IFERROR(INDEX(AllProj, MATCH($E42, AllProjNames, 0), MATCH(AF$2, AllProjCats, 0) + 1), ""), goalie, IFERROR(INDEX(AllGProj, MATCH($E42, AllGProjNames, 0), MATCH(AF$2, AllGProjCats, 0) + 1), ""), val, IF(skater <> "", skater, goalie), IF(OR($E42="", AF$2="", val=""), "", val * AF$1) ) | AG42: =LET( skater, IFERROR(INDEX(AllProj, MATCH($E42, AllProjNames, 0), MATCH(AG$2, AllProjCats, 0) + 1), ""), goalie, IFERROR(INDEX(AllGProj, MATCH($E42, AllGProjNames, 0), MATCH(AG$2, AllGProjCats, 0) + 1), ""), val, IF(skater <> "", skater, goalie), IF(OR($E42="", AG$2="", val=""), "", val * AG$1) ) | AH42: =LET( skater, IFERROR(INDEX(AllProj, MATCH($E42, AllProjNames, 0), MATCH(AH$2, AllProjCats, 0) + 1), ""), goalie, IFERROR(INDEX(AllGProj, MATCH($E42, AllGProjNames, 0), MATCH(AH$2, AllGProjCats, 0) + 1), ""), val, IF(skater <> "", skater, goalie), IF(OR($E42="", AH$2="", val=""), "", val * AH$1) ) | AI42: =LET( skater, IFERROR(INDEX(AllProj, MATCH($E42, AllProjNames, 0), MATCH(AI$2, AllProjCats, 0) + 1), ""), goalie, IFERROR(INDEX(AllGProj, MATCH($E42, AllGProjNames, 0), MATCH(AI$2, AllGProjCats, 0) + 1), ""), val, IF(skater <> "", skater, goalie), IF(OR($E42="", AI$2="", val=""), "", val * AI$1) ) | AJ42: =LET( skater, IFERROR(INDEX(AllProj, MATCH($E42, AllProjNames, 0), MATCH(AJ$2, AllProjCats, 0) + 1), ""), goalie, IFERROR(INDEX(AllGProj, MATCH($E42, AllGProjNames, 0), MATCH(AJ$2, AllGProjCats, 0) + 1), ""), val, IF(skater <> "", skater, goalie), IF(OR($E42="", AJ$2="", val=""), "", val * AJ$1) ) | ... AP42: =LET( skater, IFERROR(INDEX(AllProj, MATCH($E42, AllProjNames, 0), MATCH(AP$2, AllProjCats, 0) + 1), ""), goalie, IFERROR(INDEX(AllGProj, MATCH($E42, AllGProjNames, 0), MATCH(AP$2, AllGProjCats, 0) + 1), ""), val, IF(skater <> "", skater, goalie), IF(OR($E42="", AP$2="", val=""), "", val * AP$1) ) | AQ42: 8482116
B43: FALSE | C43: =IF(D43="Undrafted",FALSE,True) -> TRUE | D43: Ilan | E43: Dylan Larkin | F43: DET | G43: C | H43: 2.5731841 | I43: 7.6112501 | J43: C16 | K43: 30.1 | L43: 79.860588 | M43: 29 | N43: 7 | O43: 1.5539246 | P43: 0.34201588 | Q43: -1.4313205 | R43: -0.2436585 | S43: 1.2373476 | T43: 0.1356487 | U43: 1.5757982 | V43: 2.6709436 | W43: -1.6467336 | X43: -1.6207818 | AC43: =LET( skater, IFERROR(INDEX(AllProj, MATCH($E43, AllProjNames, 0), MATCH(AC$2, AllProjCats, 0) + 1), ""), goalie, IFERROR(INDEX(AllGProj, MATCH($E43, AllGProjNames, 0), MATCH(AC$2, AllGProjCats, 0) + 1), ""), val, IF(skater <> "", skater, goalie), IF(OR($E43="", AC$2="", val=""), "", val * AC$1) ) | AD43: =LET( skater, IFERROR(INDEX(AllProj, MATCH($E43, AllProjNames, 0), MATCH(AD$2, AllProjCats, 0) + 1), ""), goalie, IFERROR(INDEX(AllGProj, MATCH($E43, AllGProjNames, 0), MATCH(AD$2, AllGProjCats, 0) + 1), ""), val, IF(skater <> "", skater, goalie), IF(OR($E43="", AD$2="", val=""), "", val * AD$1) ) | AE43: =LET( skater, IFERROR(INDEX(AllProj, MATCH($E43, AllProjNames, 0), MATCH(AE$2, AllProjCats, 0) + 1), ""), goalie, IFERROR(INDEX(AllGProj, MATCH($E43, AllGProjNames, 0), MATCH(AE$2, AllGProjCats, 0) + 1), ""), val, IF(skater <> "", skater, goalie), IF(OR($E43="", AE$2="", val=""), "", val * AE$1) ) | AF43: =LET( skater, IFERROR(INDEX(AllProj, MATCH($E43, AllProjNames, 0), MATCH(AF$2, AllProjCats, 0) + 1), ""), goalie, IFERROR(INDEX(AllGProj, MATCH($E43, AllGProjNames, 0), MATCH(AF$2, AllGProjCats, 0) + 1), ""), val, IF(skater <> "", skater, goalie), IF(OR($E43="", AF$2="", val=""), "", val * AF$1) ) | AG43: =LET( skater, IFERROR(INDEX(AllProj, MATCH($E43, AllProjNames, 0), MATCH(AG$2, AllProjCats, 0) + 1), ""), goalie, IFERROR(INDEX(AllGProj, MATCH($E43, AllGProjNames, 0), MATCH(AG$2, AllGProjCats, 0) + 1), ""), val, IF(skater <> "", skater, goalie), IF(OR($E43="", AG$2="", val=""), "", val * AG$1) ) | AH43: =LET( skater, IFERROR(INDEX(AllProj, MATCH($E43, AllProjNames, 0), MATCH(AH$2, AllProjCats, 0) + 1), ""), goalie, IFERROR(INDEX(AllGProj, MATCH($E43, AllGProjNames, 0), MATCH(AH$2, AllGProjCats, 0) + 1), ""), val, IF(skater <> "", skater, goalie), IF(OR($E43="", AH$2="", val=""), "", val * AH$1) ) | AI43: =LET( skater, IFERROR(INDEX(AllProj, MATCH($E43, AllProjNames, 0), MATCH(AI$2, AllProjCats, 0) + 1), ""), goalie, IFERROR(INDEX(AllGProj, MATCH($E43, AllGProjNames, 0), MATCH(AI$2, AllGProjCats, 0) + 1), ""), val, IF(skater <> "", skater, goalie), IF(OR($E43="", AI$2="", val=""), "", val * AI$1) ) | AJ43: =LET( skater, IFERROR(INDEX(AllProj, MATCH($E43, AllProjNames, 0), MATCH(AJ$2, AllProjCats, 0) + 1), ""), goalie, IFERROR(INDEX(AllGProj, MATCH($E43, AllGProjNames, 0), MATCH(AJ$2, AllGProjCats, 0) + 1), ""), val, IF(skater <> "", skater, goalie), IF(OR($E43="", AJ$2="", val=""), "", val * AJ$1) ) | ... AP43: =LET( skater, IFERROR(INDEX(AllProj, MATCH($E43, AllProjNames, 0), MATCH(AP$2, AllProjCats, 0) + 1), ""), goalie, IFERROR(INDEX(AllGProj, MATCH($E43, AllGProjNames, 0), MATCH(AP$2, AllGProjCats, 0) + 1), ""), val, IF(skater <> "", skater, goalie), IF(OR($E43="", AP$2="", val=""), "", val * AP$1) ) | AQ43: 8477946
B44: FALSE | C44: =IF(D44="Undrafted",FALSE,True) -> TRUE | D44: Henry | E44: Joel Eriksson Ek | F44: MIN | G44: C | H44: 2.5535937 | I44: 7.5916597 | J44: C17 | K44: 29.6 | L44: 77.020588 | M44: 24 | N44: 7 | O44: 0.38820435 | P44: -0.10281075 | Q44: 0.61371089 | R44: -0.47761383 | S44: 0.34728268 | T44: -0.35309607 | U44: 1.2220798 | V44: 2.2407561 | W44: -0.068441007 | X44: -1.2564784 | AC44: =LET( skater, IFERROR(INDEX(AllProj, MATCH($E44, AllProjNames, 0), MATCH(AC$2, AllProjCats, 0) + 1), ""), goalie, IFERROR(INDEX(AllGProj, MATCH($E44, AllGProjNames, 0), MATCH(AC$2, AllGProjCats, 0) + 1), ""), val, IF(skater <> "", skater, goalie), IF(OR($E44="", AC$2="", val=""), "", val * AC$1) ) | AD44: =LET( skater, IFERROR(INDEX(AllProj, MATCH($E44, AllProjNames, 0), MATCH(AD$2, AllProjCats, 0) + 1), ""), goalie, IFERROR(INDEX(AllGProj, MATCH($E44, AllGProjNames, 0), MATCH(AD$2, AllGProjCats, 0) + 1), ""), val, IF(skater <> "", skater, goalie), IF(OR($E44="", AD$2="", val=""), "", val * AD$1) ) | AE44: =LET( skater, IFERROR(INDEX(AllProj, MATCH($E44, AllProjNames, 0), MATCH(AE$2, AllProjCats, 0) + 1), ""), goalie, IFERROR(INDEX(AllGProj, MATCH($E44, AllGProjNames, 0), MATCH(AE$2, AllGProjCats, 0) + 1), ""), val, IF(skater <> "", skater, goalie), IF(OR($E44="", AE$2="", val=""), "", val * AE$1) ) | AF44: =LET( skater, IFERROR(INDEX(AllProj, MATCH($E44, AllProjNames, 0), MATCH(AF$2, AllProjCats, 0) + 1), ""), goalie, IFERROR(INDEX(AllGProj, MATCH($E44, AllGProjNames, 0), MATCH(AF$2, AllGProjCats, 0) + 1), ""), val, IF(skater <> "", skater, goalie), IF(OR($E44="", AF$2="", val=""), "", val * AF$1) ) | AG44: =LET( skater, IFERROR(INDEX(AllProj, MATCH($E44, AllProjNames, 0), MATCH(AG$2, AllProjCats, 0) + 1), ""), goalie, IFERROR(INDEX(AllGProj, MATCH($E44, AllGProjNames, 0), MATCH(AG$2, AllGProjCats, 0) + 1), ""), val, IF(skater <> "", skater, goalie), IF(OR($E44="", AG$2="", val=""), "", val * AG$1) ) | AH44: =LET( skater, IFERROR(INDEX(AllProj, MATCH($E44, AllProjNames, 0), MATCH(AH$2, AllProjCats, 0) + 1), ""), goalie, IFERROR(INDEX(AllGProj, MATCH($E44, AllGProjNames, 0), MATCH(AH$2, AllGProjCats, 0) + 1), ""), val, IF(skater <> "", skater, goalie), IF(OR($E44="", AH$2="", val=""), "", val * AH$1) ) | AI44: =LET( skater, IFERROR(INDEX(AllProj, MATCH($E44, AllProjNames, 0), MATCH(AI$2, AllProjCats, 0) + 1), ""), goalie, IFERROR(INDEX(AllGProj, MATCH($E44, AllGProjNames, 0), MATCH(AI$2, AllGProjCats, 0) + 1), ""), val, IF(skater <> "", skater, goalie), IF(OR($E44="", AI$2="", val=""), "", val * AI$1) ) | AJ44: =LET( skater, IFERROR(INDEX(AllProj, MATCH($E44, AllProjNames, 0), MATCH(AJ$2, AllProjCats, 0) + 1), ""), goalie, IFERROR(INDEX(AllGProj, MATCH($E44, AllGProjNames, 0), MATCH(AJ$2, AllGProjCats, 0) + 1), ""), val, IF(skater <> "", skater, goalie), IF(OR($E44="", AJ$2="", val=""), "", val * AJ$1) ) | ... AP44: =LET( skater, IFERROR(INDEX(AllProj, MATCH($E44, AllProjNames, 0), MATCH(AP$2, AllProjCats, 0) + 1), ""), goalie, IFERROR(INDEX(AllGProj, MATCH($E44, AllGProjNames, 0), MATCH(AP$2, AllGProjCats, 0) + 1), ""), val, IF(skater <> "", skater, goalie), IF(OR($E44="", AP$2="", val=""), "", val * AP$1) ) | AQ44: 8478493
B45: FALSE | C45: =IF(D45="Undrafted",FALSE,True) -> TRUE | D45: Rob/Orad | E45: Adrian Kempe | F45: LAK | G45: RW | H45: 2.5273283 | I45: 7.969466 | J45: R13 | K45: 30 | L45: 82.332059 | M45: 28 | N45: 7 | O45: 1.7168251 | P45: 0.47500089 | Q45: 0.20409584 | R45: 0.27009773 | S45: 0.46904218 | T45: -0.30232017 | U45: 1.5557402 | V45: 0 | W45: -0.27689201 | X45: -1.5842613 | AC45: =LET( skater, IFERROR(INDEX(AllProj, MATCH($E45, AllProjNames, 0), MATCH(AC$2, AllProjCats, 0) + 1), ""), goalie, IFERROR(INDEX(AllGProj, MATCH($E45, AllGProjNames, 0), MATCH(AC$2, AllGProjCats, 0) + 1), ""), val, IF(skater <> "", skater, goalie), IF(OR($E45="", AC$2="", val=""), "", val * AC$1) ) | AD45: =LET( skater, IFERROR(INDEX(AllProj, MATCH($E45, AllProjNames, 0), MATCH(AD$2, AllProjCats, 0) + 1), ""), goalie, IFERROR(INDEX(AllGProj, MATCH($E45, AllGProjNames, 0), MATCH(AD$2, AllGProjCats, 0) + 1), ""), val, IF(skater <> "", skater, goalie), IF(OR($E45="", AD$2="", val=""), "", val * AD$1) ) | AE45: =LET( skater, IFERROR(INDEX(AllProj, MATCH($E45, AllProjNames, 0), MATCH(AE$2, AllProjCats, 0) + 1), ""), goalie, IFERROR(INDEX(AllGProj, MATCH($E45, AllGProjNames, 0), MATCH(AE$2, AllGProjCats, 0) + 1), ""), val, IF(skater <> "", skater, goalie), IF(OR($E45="", AE$2="", val=""), "", val * AE$1) ) | AF45: =LET( skater, IFERROR(INDEX(AllProj, MATCH($E45, AllProjNames, 0), MATCH(AF$2, AllProjCats, 0) + 1), ""), goalie, IFERROR(INDEX(AllGProj, MATCH($E45, AllGProjNames, 0), MATCH(AF$2, AllGProjCats, 0) + 1), ""), val, IF(skater <> "", skater, goalie), IF(OR($E45="", AF$2="", val=""), "", val * AF$1) ) | AG45: =LET( skater, IFERROR(INDEX(AllProj, MATCH($E45, AllProjNames, 0), MATCH(AG$2, AllProjCats, 0) + 1), ""), goalie, IFERROR(INDEX(AllGProj, MATCH($E45, AllGProjNames, 0), MATCH(AG$2, AllGProjCats, 0) + 1), ""), val, IF(skater <> "", skater, goalie), IF(OR($E45="", AG$2="", val=""), "", val * AG$1) ) | AH45: =LET( skater, IFERROR(INDEX(AllProj, MATCH($E45, AllProjNames, 0), MATCH(AH$2, AllProjCats, 0) + 1), ""), goalie, IFERROR(INDEX(AllGProj, MATCH($E45, AllGProjNames, 0), MATCH(AH$2, AllGProjCats, 0) + 1), ""), val, IF(skater <> "", skater, goalie), IF(OR($E45="", AH$2="", val=""), "", val * AH$1) ) | AI45: =LET( skater, IFERROR(INDEX(AllProj, MATCH($E45, AllProjNames, 0), MATCH(AI$2, AllProjCats, 0) + 1), ""), goalie, IFERROR(INDEX(AllGProj, MATCH($E45, AllGProjNames, 0), MATCH(AI$2, AllGProjCats, 0) + 1), ""), val, IF(skater <> "", skater, goalie), IF(OR($E45="", AI$2="", val=""), "", val * AI$1) ) | AJ45: =LET( skater, IFERROR(INDEX(AllProj, MATCH($E45, AllProjNames, 0), MATCH(AJ$2, AllProjCats, 0) + 1), ""), goalie, IFERROR(INDEX(AllGProj, MATCH($E45, AllGProjNames, 0), MATCH(AJ$2, AllGProjCats, 0) + 1), ""), val, IF(skater <> "", skater, goalie), IF(OR($E45="", AJ$2="", val=""), "", val * AJ$1) ) | ... AP45: =LET( skater, IFERROR(INDEX(AllProj, MATCH($E45, AllProjNames, 0), MATCH(AP$2, AllProjCats, 0) + 1), ""), goalie, IFERROR(INDEX(AllGProj, MATCH($E45, AllGProjNames, 0), MATCH(AP$2, AllGProjCats, 0) + 1), ""), val, IF(skater <> "", skater, goalie), IF(OR($E45="", AP$2="", val=""), "", val * AP$1) ) | AQ45: 8477960
